text,label
Education ministry organized a campaign to promote community safety programs. Authorities will monitor progress and release periodic updates. authorities shared the update earlier this week.,REAL
Local authorities released updated data on community safety programs. Officials stated that the program will be implemented in phases. official sources provided the details.,REAL
The government approved funding for public health services. Public feedback will be collected during the rollout period. authorities shared the update earlier this week.,REAL
Environmental agencies announced a new initiative to improve cybersecurity awareness. The initiative aims to improve access and efficiency across regions. according to an official statement.,REAL
Local authorities approved funding for education quality. Training and awareness sessions will be conducted for stakeholders. the announcement was made through official channels.,REAL
Local authorities announced a new initiative to improve digital infrastructure. Training and awareness sessions will be conducted for stakeholders. officials confirmed during a press briefing.,REAL
Technology companies organized a campaign to promote environmental conservation. Authorities will monitor progress and release periodic updates. authorities shared the update earlier this week.,REAL
Economic analysts conducted a study on environmental conservation. Officials stated that the program will be implemented in phases. official sources provided the details.,REAL
Education ministry released updated data on community safety programs. The effort is part of a broader national development plan. official sources provided the details.,REAL
Environmental agencies announced a new initiative to improve education quality. Additional resources have been allocated to ensure smooth implementation. the information was released by the ministry.,REAL
Local authorities conducted a study on cybersecurity awareness. Experts believe the move will support long-term development. the information was released by the ministry.,REAL
Economic analysts reported progress in renewable energy adoption. Training and awareness sessions will be conducted for stakeholders. the department reported in its latest release.,REAL
Local authorities approved funding for job skill training. Public feedback will be collected during the rollout period. the department reported in its latest release.,REAL
Local authorities introduced new guidelines for education quality. Public feedback will be collected during the rollout period. the department reported in its latest release.,REAL
Environmental agencies organized a campaign to promote cybersecurity awareness. The project focuses on both urban and rural communities. authorities shared the update earlier this week.,REAL
Local authorities expanded services related to cybersecurity awareness. The effort is part of a broader national development plan. authorities shared the update earlier this week.,REAL
Health officials implemented measures to strengthen small business development. Additional resources have been allocated to ensure smooth implementation. officials confirmed during a press briefing.,REAL
Technology companies approved funding for environmental conservation. Officials stated that the program will be implemented in phases. the information was released by the ministry.,REAL
Economic analysts implemented measures to strengthen small business development. Authorities will monitor progress and release periodic updates. the department reported in its latest release.,REAL
Environmental agencies launched a program to support public health services. The project focuses on both urban and rural communities. officials confirmed during a press briefing.,REAL
Education ministry released updated data on job skill training. The effort is part of a broader national development plan. official sources provided the details.,REAL
Local authorities approved funding for small business development. The initiative is expected to benefit thousands of citizens. according to an official statement.,REAL
Researchers conducted a study on community safety programs. The initiative is expected to benefit thousands of citizens. the findings were published in a recent report.,REAL
Local authorities released updated data on public health services. The initiative is expected to benefit thousands of citizens. authorities shared the update earlier this week.,REAL
Health officials launched a program to support urban transportation efficiency. Officials stated that the program will be implemented in phases. the information was released by the ministry.,REAL
Researchers approved funding for urban transportation efficiency. Additional resources have been allocated to ensure smooth implementation. the information was released by the ministry.,REAL
Researchers implemented measures to strengthen community safety programs. The effort is part of a broader national development plan. authorities shared the update earlier this week.,REAL
Environmental agencies organized a campaign to promote education quality. Additional resources have been allocated to ensure smooth implementation. officials confirmed during a press briefing.,REAL
Environmental agencies released updated data on cybersecurity awareness. Authorities will monitor progress and release periodic updates. according to an official statement.,REAL
Local authorities launched a program to support public health services. The effort is part of a broader national development plan. the announcement was made through official channels.,REAL
Health officials approved funding for environmental conservation. Training and awareness sessions will be conducted for stakeholders. authorities shared the update earlier this week.,REAL
Economic analysts expanded services related to environmental conservation. Authorities will monitor progress and release periodic updates. the department reported in its latest release.,REAL
Transportation department conducted a study on cybersecurity awareness. Authorities will monitor progress and release periodic updates. according to an official statement.,REAL
Technology companies released updated data on renewable energy adoption. The project focuses on both urban and rural communities. the information was released by the ministry.,REAL
Health officials organized a campaign to promote job skill training. The initiative is expected to benefit thousands of citizens. the department reported in its latest release.,REAL
Economic analysts announced a new initiative to improve cybersecurity awareness. Officials stated that the program will be implemented in phases. the announcement was made through official channels.,REAL
Education ministry implemented measures to strengthen small business development. Experts believe the move will support long-term development. officials confirmed during a press briefing.,REAL
Public health experts organized a campaign to promote cybersecurity awareness. The project focuses on both urban and rural communities. officials confirmed during a press briefing.,REAL
Education ministry organized a campaign to promote cybersecurity awareness. Authorities will monitor progress and release periodic updates. the findings were published in a recent report.,REAL
Transportation department launched a program to support digital infrastructure. Experts believe the move will support long-term development. the announcement was made through official channels.,REAL
Local authorities conducted a study on environmental conservation. The initiative aims to improve access and efficiency across regions. official sources provided the details.,REAL
Local authorities released updated data on environmental conservation. Additional resources have been allocated to ensure smooth implementation. authorities shared the update earlier this week.,REAL
Economic analysts launched a program to support cybersecurity awareness. Authorities will monitor progress and release periodic updates. authorities shared the update earlier this week.,REAL
Researchers approved funding for environmental conservation. Authorities will monitor progress and release periodic updates. the findings were published in a recent report.,REAL
Economic analysts approved funding for community safety programs. The initiative aims to improve access and efficiency across regions. authorities shared the update earlier this week.,REAL
Researchers introduced new guidelines for job skill training. Public feedback will be collected during the rollout period. the information was released by the ministry.,REAL
Economic analysts expanded services related to community safety programs. Officials stated that the program will be implemented in phases. the information was released by the ministry.,REAL
Public health experts reported progress in small business development. The effort is part of a broader national development plan. official sources provided the details.,REAL
The government released updated data on renewable energy adoption. Public feedback will be collected during the rollout period. according to an official statement.,REAL
Economic analysts approved funding for environmental conservation. The effort is part of a broader national development plan. the announcement was made through official channels.,REAL
Transportation department approved funding for education quality. The initiative is expected to benefit thousands of citizens. official sources provided the details.,REAL
Public health experts released updated data on urban transportation efficiency. Officials stated that the program will be implemented in phases. according to an official statement.,REAL
Education ministry announced a new initiative to improve education quality. Officials stated that the program will be implemented in phases. the information was released by the ministry.,REAL
Local authorities approved funding for renewable energy adoption. Experts believe the move will support long-term development. officials confirmed during a press briefing.,REAL
Environmental agencies released updated data on digital infrastructure. Additional resources have been allocated to ensure smooth implementation. the information was released by the ministry.,REAL
Researchers implemented measures to strengthen renewable energy adoption. Public feedback will be collected during the rollout period. the information was released by the ministry.,REAL
Transportation department introduced new guidelines for cybersecurity awareness. The effort is part of a broader national development plan. the announcement was made through official channels.,REAL
Education ministry implemented measures to strengthen community safety programs. The initiative aims to improve access and efficiency across regions. authorities shared the update earlier this week.,REAL
Environmental agencies conducted a study on urban transportation efficiency. Experts believe the move will support long-term development. the information was released by the ministry.,REAL
Education ministry approved funding for education quality. Authorities will monitor progress and release periodic updates. the department reported in its latest release.,REAL
Public health experts announced a new initiative to improve job skill training. Experts believe the move will support long-term development. official sources provided the details.,REAL
The government reported progress in cybersecurity awareness. The project focuses on both urban and rural communities. the announcement was made through official channels.,REAL
Environmental agencies implemented measures to strengthen job skill training. The effort is part of a broader national development plan. the findings were published in a recent report.,REAL
Environmental agencies implemented measures to strengthen job skill training. The initiative is expected to benefit thousands of citizens. the information was released by the ministry.,REAL
Health officials organized a campaign to promote environmental conservation. The effort is part of a broader national development plan. according to an official statement.,REAL
The government released updated data on environmental conservation. The project focuses on both urban and rural communities. according to an official statement.,REAL
The government introduced new guidelines for education quality. Authorities will monitor progress and release periodic updates. the information was released by the ministry.,REAL
Public health experts launched a program to support job skill training. The effort is part of a broader national development plan. official sources provided the details.,REAL
Health officials reported progress in education quality. Public feedback will be collected during the rollout period. the department reported in its latest release.,REAL
Environmental agencies approved funding for urban transportation efficiency. Officials stated that the program will be implemented in phases. authorities shared the update earlier this week.,REAL
Health officials organized a campaign to promote environmental conservation. The initiative aims to improve access and efficiency across regions. the department reported in its latest release.,REAL
Economic analysts released updated data on environmental conservation. Public feedback will be collected during the rollout period. the information was released by the ministry.,REAL
Local authorities expanded services related to urban transportation efficiency. The effort is part of a broader national development plan. the department reported in its latest release.,REAL
Public health experts conducted a study on renewable energy adoption. Experts believe the move will support long-term development. authorities shared the update earlier this week.,REAL
Education ministry launched a program to support renewable energy adoption. Additional resources have been allocated to ensure smooth implementation. the information was released by the ministry.,REAL
Local authorities implemented measures to strengthen job skill training. The project focuses on both urban and rural communities. according to an official statement.,REAL
Health officials organized a campaign to promote urban transportation efficiency. The initiative is expected to benefit thousands of citizens. officials confirmed during a press briefing.,REAL
Education ministry introduced new guidelines for education quality. Officials stated that the program will be implemented in phases. the announcement was made through official channels.,REAL
Environmental agencies conducted a study on job skill training. The project focuses on both urban and rural communities. according to an official statement.,REAL
Researchers organized a campaign to promote environmental conservation. Additional resources have been allocated to ensure smooth implementation. the information was released by the ministry.,REAL
Transportation department approved funding for public health services. Training and awareness sessions will be conducted for stakeholders. the department reported in its latest release.,REAL
Economic analysts introduced new guidelines for digital infrastructure. Public feedback will be collected during the rollout period. authorities shared the update earlier this week.,REAL
Health officials implemented measures to strengthen environmental conservation. Additional resources have been allocated to ensure smooth implementation. according to an official statement.,REAL
Public health experts expanded services related to digital infrastructure. Training and awareness sessions will be conducted for stakeholders. official sources provided the details.,REAL
The government released updated data on public health services. Authorities will monitor progress and release periodic updates. according to an official statement.,REAL
Technology companies implemented measures to strengthen digital infrastructure. The effort is part of a broader national development plan. according to an official statement.,REAL
Transportation department expanded services related to small business development. Officials stated that the program will be implemented in phases. the findings were published in a recent report.,REAL
Public health experts announced a new initiative to improve job skill training. The project focuses on both urban and rural communities. the announcement was made through official channels.,REAL
Transportation department approved funding for community safety programs. Public feedback will be collected during the rollout period. authorities shared the update earlier this week.,REAL
Health officials organized a campaign to promote cybersecurity awareness. The effort is part of a broader national development plan. the findings were published in a recent report.,REAL
Education ministry conducted a study on digital infrastructure. The project focuses on both urban and rural communities. officials confirmed during a press briefing.,REAL
Technology companies introduced new guidelines for environmental conservation. Public feedback will be collected during the rollout period. according to an official statement.,REAL
Environmental agencies launched a program to support environmental conservation. The initiative aims to improve access and efficiency across regions. according to an official statement.,REAL
Education ministry expanded services related to education quality. The effort is part of a broader national development plan. the information was released by the ministry.,REAL
The government reported progress in public health services. Additional resources have been allocated to ensure smooth implementation. the information was released by the ministry.,REAL
The government announced a new initiative to improve public health services. Officials stated that the program will be implemented in phases. the announcement was made through official channels.,REAL
Technology companies organized a campaign to promote cybersecurity awareness. Officials stated that the program will be implemented in phases. the findings were published in a recent report.,REAL
Health officials approved funding for public health services. The effort is part of a broader national development plan. according to an official statement.,REAL
Technology companies announced a new initiative to improve renewable energy adoption. Authorities will monitor progress and release periodic updates. officials confirmed during a press briefing.,REAL
The government conducted a study on renewable energy adoption. The initiative aims to improve access and efficiency across regions. the findings were published in a recent report.,REAL
Researchers implemented measures to strengthen digital infrastructure. The project focuses on both urban and rural communities. authorities shared the update earlier this week.,REAL
The government approved funding for small business development. Training and awareness sessions will be conducted for stakeholders. according to an official statement.,REAL
Environmental agencies reported progress in community safety programs. The effort is part of a broader national development plan. official sources provided the details.,REAL
Environmental agencies released updated data on education quality. The initiative aims to improve access and efficiency across regions. the findings were published in a recent report.,REAL
Public health experts expanded services related to community safety programs. Additional resources have been allocated to ensure smooth implementation. the department reported in its latest release.,REAL
Technology companies organized a campaign to promote urban transportation efficiency. Public feedback will be collected during the rollout period. authorities shared the update earlier this week.,REAL
Health officials organized a campaign to promote environmental conservation. Public feedback will be collected during the rollout period. authorities shared the update earlier this week.,REAL
Public health experts approved funding for public health services. The effort is part of a broader national development plan. the department reported in its latest release.,REAL
Researchers conducted a study on cybersecurity awareness. Experts believe the move will support long-term development. the information was released by the ministry.,REAL
Transportation department conducted a study on education quality. The initiative aims to improve access and efficiency across regions. official sources provided the details.,REAL
Health officials conducted a study on cybersecurity awareness. Additional resources have been allocated to ensure smooth implementation. according to an official statement.,REAL
Public health experts launched a program to support renewable energy adoption. Authorities will monitor progress and release periodic updates. the announcement was made through official channels.,REAL
Transportation department conducted a study on job skill training. Additional resources have been allocated to ensure smooth implementation. the information was released by the ministry.,REAL
The government reported progress in education quality. Public feedback will be collected during the rollout period. officials confirmed during a press briefing.,REAL
Health officials released updated data on small business development. The initiative aims to improve access and efficiency across regions. authorities shared the update earlier this week.,REAL
Technology companies introduced new guidelines for urban transportation efficiency. Additional resources have been allocated to ensure smooth implementation. officials confirmed during a press briefing.,REAL
Environmental agencies released updated data on environmental conservation. The initiative aims to improve access and efficiency across regions. the department reported in its latest release.,REAL
Education ministry conducted a study on digital infrastructure. Experts believe the move will support long-term development. the information was released by the ministry.,REAL
Education ministry released updated data on cybersecurity awareness. Public feedback will be collected during the rollout period. official sources provided the details.,REAL
Environmental agencies implemented measures to strengthen community safety programs. Training and awareness sessions will be conducted for stakeholders. authorities shared the update earlier this week.,REAL
The government launched a program to support renewable energy adoption. Additional resources have been allocated to ensure smooth implementation. official sources provided the details.,REAL
Transportation department organized a campaign to promote public health services. The initiative aims to improve access and efficiency across regions. according to an official statement.,REAL
Education ministry conducted a study on job skill training. Officials stated that the program will be implemented in phases. official sources provided the details.,REAL
Economic analysts introduced new guidelines for cybersecurity awareness. Officials stated that the program will be implemented in phases. official sources provided the details.,REAL
Local authorities expanded services related to small business development. The project focuses on both urban and rural communities. the information was released by the ministry.,REAL
Health officials approved funding for cybersecurity awareness. Authorities will monitor progress and release periodic updates. the findings were published in a recent report.,REAL
Environmental agencies implemented measures to strengthen urban transportation efficiency. Authorities will monitor progress and release periodic updates. officials confirmed during a press briefing.,REAL
Health officials introduced new guidelines for job skill training. The project focuses on both urban and rural communities. official sources provided the details.,REAL
Education ministry organized a campaign to promote digital infrastructure. Public feedback will be collected during the rollout period. official sources provided the details.,REAL
Local authorities announced a new initiative to improve small business development. The effort is part of a broader national development plan. the findings were published in a recent report.,REAL
Health officials approved funding for small business development. The project focuses on both urban and rural communities. the information was released by the ministry.,REAL
Economic analysts announced a new initiative to improve renewable energy adoption. The effort is part of a broader national development plan. according to an official statement.,REAL
Education ministry conducted a study on education quality. Officials stated that the program will be implemented in phases. according to an official statement.,REAL
Transportation department approved funding for renewable energy adoption. The initiative aims to improve access and efficiency across regions. officials confirmed during a press briefing.,REAL
Public health experts introduced new guidelines for urban transportation efficiency. Officials stated that the program will be implemented in phases. the department reported in its latest release.,REAL
The government introduced new guidelines for cybersecurity awareness. Authorities will monitor progress and release periodic updates. the findings were published in a recent report.,REAL
Researchers conducted a study on digital infrastructure. Authorities will monitor progress and release periodic updates. according to an official statement.,REAL
Local authorities expanded services related to renewable energy adoption. Training and awareness sessions will be conducted for stakeholders. officials confirmed during a press briefing.,REAL
Local authorities expanded services related to public health services. Training and awareness sessions will be conducted for stakeholders. authorities shared the update earlier this week.,REAL
Researchers expanded services related to small business development. Public feedback will be collected during the rollout period. official sources provided the details.,REAL
Local authorities organized a campaign to promote community safety programs. The project focuses on both urban and rural communities. the announcement was made through official channels.,REAL
Environmental agencies introduced new guidelines for job skill training. Authorities will monitor progress and release periodic updates. the department reported in its latest release.,REAL
Local authorities expanded services related to urban transportation efficiency. The effort is part of a broader national development plan. according to an official statement.,REAL
Health officials announced a new initiative to improve job skill training. Officials stated that the program will be implemented in phases. officials confirmed during a press briefing.,REAL
Researchers implemented measures to strengthen public health services. Additional resources have been allocated to ensure smooth implementation. officials confirmed during a press briefing.,REAL
Environmental agencies released updated data on community safety programs. The initiative aims to improve access and efficiency across regions. officials confirmed during a press briefing.,REAL
Local authorities introduced new guidelines for community safety programs. Training and awareness sessions will be conducted for stakeholders. according to an official statement.,REAL
Public health experts conducted a study on renewable energy adoption. Officials stated that the program will be implemented in phases. the information was released by the ministry.,REAL
Researchers launched a program to support cybersecurity awareness. Public feedback will be collected during the rollout period. the findings were published in a recent report.,REAL
Environmental agencies expanded services related to cybersecurity awareness. Training and awareness sessions will be conducted for stakeholders. the findings were published in a recent report.,REAL
Technology companies introduced new guidelines for urban transportation efficiency. Officials stated that the program will be implemented in phases. according to an official statement.,REAL
Education ministry organized a campaign to promote renewable energy adoption. Officials stated that the program will be implemented in phases. the announcement was made through official channels.,REAL
Environmental agencies implemented measures to strengthen renewable energy adoption. Training and awareness sessions will be conducted for stakeholders. the department reported in its latest release.,REAL
Technology companies launched a program to support renewable energy adoption. Public feedback will be collected during the rollout period. the announcement was made through official channels.,REAL
Technology companies released updated data on community safety programs. Public feedback will be collected during the rollout period. authorities shared the update earlier this week.,REAL
Technology companies conducted a study on small business development. Public feedback will be collected during the rollout period. according to an official statement.,REAL
Technology companies organized a campaign to promote public health services. The initiative is expected to benefit thousands of citizens. the announcement was made through official channels.,REAL
Technology companies released updated data on community safety programs. Authorities will monitor progress and release periodic updates. according to an official statement.,REAL
Transportation department expanded services related to community safety programs. Additional resources have been allocated to ensure smooth implementation. official sources provided the details.,REAL
The government implemented measures to strengthen urban transportation efficiency. Experts believe the move will support long-term development. official sources provided the details.,REAL
Health officials released updated data on digital infrastructure. Authorities will monitor progress and release periodic updates. the information was released by the ministry.,REAL
Local authorities implemented measures to strengthen public health services. Experts believe the move will support long-term development. the announcement was made through official channels.,REAL
Technology companies conducted a study on digital infrastructure. The initiative is expected to benefit thousands of citizens. authorities shared the update earlier this week.,REAL
Local authorities expanded services related to urban transportation efficiency. Experts believe the move will support long-term development. authorities shared the update earlier this week.,REAL
Local authorities announced a new initiative to improve urban transportation efficiency. Training and awareness sessions will be conducted for stakeholders. officials confirmed during a press briefing.,REAL
Technology companies announced a new initiative to improve public health services. The project focuses on both urban and rural communities. the announcement was made through official channels.,REAL
Environmental agencies organized a campaign to promote urban transportation efficiency. The effort is part of a broader national development plan. the information was released by the ministry.,REAL
Technology companies introduced new guidelines for small business development. Experts believe the move will support long-term development. the findings were published in a recent report.,REAL
Education ministry organized a campaign to promote environmental conservation. Additional resources have been allocated to ensure smooth implementation. according to an official statement.,REAL
The government reported progress in community safety programs. Officials stated that the program will be implemented in phases. official sources provided the details.,REAL
Environmental agencies conducted a study on digital infrastructure. Officials stated that the program will be implemented in phases. authorities shared the update earlier this week.,REAL
Economic analysts implemented measures to strengthen renewable energy adoption. Public feedback will be collected during the rollout period. the findings were published in a recent report.,REAL
Public health experts conducted a study on urban transportation efficiency. Authorities will monitor progress and release periodic updates. official sources provided the details.,REAL
Public health experts expanded services related to digital infrastructure. The effort is part of a broader national development plan. authorities shared the update earlier this week.,REAL
Education ministry approved funding for education quality. Officials stated that the program will be implemented in phases. according to an official statement.,REAL
Local authorities released updated data on cybersecurity awareness. The project focuses on both urban and rural communities. the information was released by the ministry.,REAL
Environmental agencies announced a new initiative to improve education quality. The project focuses on both urban and rural communities. official sources provided the details.,REAL
Education ministry organized a campaign to promote community safety programs. Officials stated that the program will be implemented in phases. the announcement was made through official channels.,REAL
The government launched a program to support community safety programs. Officials stated that the program will be implemented in phases. official sources provided the details.,REAL
Public health experts released updated data on community safety programs. Public feedback will be collected during the rollout period. according to an official statement.,REAL
Public health experts organized a campaign to promote public health services. Public feedback will be collected during the rollout period. official sources provided the details.,REAL
Education ministry organized a campaign to promote small business development. The initiative is expected to benefit thousands of citizens. the announcement was made through official channels.,REAL
Economic analysts released updated data on digital infrastructure. Officials stated that the program will be implemented in phases. authorities shared the update earlier this week.,REAL
Environmental agencies announced a new initiative to improve digital infrastructure. The initiative is expected to benefit thousands of citizens. the department reported in its latest release.,REAL
Education ministry expanded services related to environmental conservation. Public feedback will be collected during the rollout period. the information was released by the ministry.,REAL
Researchers implemented measures to strengthen environmental conservation. Training and awareness sessions will be conducted for stakeholders. the announcement was made through official channels.,REAL
Transportation department implemented measures to strengthen cybersecurity awareness. The effort is part of a broader national development plan. the findings were published in a recent report.,REAL
Public health experts conducted a study on renewable energy adoption. Officials stated that the program will be implemented in phases. officials confirmed during a press briefing.,REAL
Technology companies expanded services related to renewable energy adoption. Officials stated that the program will be implemented in phases. the information was released by the ministry.,REAL
Technology companies launched a program to support community safety programs. The initiative is expected to benefit thousands of citizens. authorities shared the update earlier this week.,REAL
Economic analysts conducted a study on cybersecurity awareness. The initiative is expected to benefit thousands of citizens. officials confirmed during a press briefing.,REAL
Health officials expanded services related to community safety programs. The effort is part of a broader national development plan. officials confirmed during a press briefing.,REAL
Education ministry conducted a study on renewable energy adoption. Training and awareness sessions will be conducted for stakeholders. officials confirmed during a press briefing.,REAL
Public health experts implemented measures to strengthen public health services. The initiative aims to improve access and efficiency across regions. the findings were published in a recent report.,REAL
Transportation department released updated data on community safety programs. Public feedback will be collected during the rollout period. authorities shared the update earlier this week.,REAL
The government approved funding for environmental conservation. Officials stated that the program will be implemented in phases. the information was released by the ministry.,REAL
Local authorities reported progress in job skill training. The initiative aims to improve access and efficiency across regions. the information was released by the ministry.,REAL
Transportation department expanded services related to urban transportation efficiency. The initiative aims to improve access and efficiency across regions. official sources provided the details.,REAL
Public health experts conducted a study on renewable energy adoption. The project focuses on both urban and rural communities. the department reported in its latest release.,REAL
Economic analysts reported progress in cybersecurity awareness. Officials stated that the program will be implemented in phases. authorities shared the update earlier this week.,REAL
The government approved funding for community safety programs. Training and awareness sessions will be conducted for stakeholders. authorities shared the update earlier this week.,REAL
Environmental agencies released updated data on environmental conservation. The project focuses on both urban and rural communities. official sources provided the details.,REAL
Public health experts released updated data on community safety programs. Officials stated that the program will be implemented in phases. the findings were published in a recent report.,REAL
Public health experts launched a program to support job skill training. The effort is part of a broader national development plan. official sources provided the details.,REAL
Local authorities expanded services related to urban transportation efficiency. The initiative is expected to benefit thousands of citizens. according to an official statement.,REAL
Economic analysts launched a program to support public health services. Public feedback will be collected during the rollout period. the information was released by the ministry.,REAL
Technology companies introduced new guidelines for digital infrastructure. Public feedback will be collected during the rollout period. the department reported in its latest release.,REAL
Environmental agencies launched a program to support renewable energy adoption. The project focuses on both urban and rural communities. the department reported in its latest release.,REAL
Public health experts approved funding for small business development. The effort is part of a broader national development plan. the information was released by the ministry.,REAL
Public health experts announced a new initiative to improve environmental conservation. Authorities will monitor progress and release periodic updates. the department reported in its latest release.,REAL
Local authorities approved funding for digital infrastructure. Public feedback will be collected during the rollout period. the announcement was made through official channels.,REAL
Public health experts launched a program to support community safety programs. Additional resources have been allocated to ensure smooth implementation. the information was released by the ministry.,REAL
Health officials introduced new guidelines for public health services. Public feedback will be collected during the rollout period. authorities shared the update earlier this week.,REAL
The government introduced new guidelines for environmental conservation. The project focuses on both urban and rural communities. the announcement was made through official channels.,REAL
Education ministry approved funding for cybersecurity awareness. The project focuses on both urban and rural communities. the findings were published in a recent report.,REAL
Environmental agencies released updated data on renewable energy adoption. Experts believe the move will support long-term development. according to an official statement.,REAL
Transportation department released updated data on cybersecurity awareness. Officials stated that the program will be implemented in phases. official sources provided the details.,REAL
Technology companies conducted a study on education quality. Training and awareness sessions will be conducted for stakeholders. the announcement was made through official channels.,REAL
Researchers announced a new initiative to improve renewable energy adoption. Training and awareness sessions will be conducted for stakeholders. the information was released by the ministry.,REAL
Environmental agencies organized a campaign to promote small business development. Additional resources have been allocated to ensure smooth implementation. officials confirmed during a press briefing.,REAL
Technology companies organized a campaign to promote environmental conservation. Additional resources have been allocated to ensure smooth implementation. the department reported in its latest release.,REAL
Economic analysts introduced new guidelines for environmental conservation. The initiative aims to improve access and efficiency across regions. according to an official statement.,REAL
Local authorities introduced new guidelines for education quality. The initiative aims to improve access and efficiency across regions. authorities shared the update earlier this week.,REAL
The government introduced new guidelines for digital infrastructure. Authorities will monitor progress and release periodic updates. the findings were published in a recent report.,REAL
The government released updated data on community safety programs. Public feedback will be collected during the rollout period. the announcement was made through official channels.,REAL
Researchers organized a campaign to promote job skill training. The initiative is expected to benefit thousands of citizens. the findings were published in a recent report.,REAL
Researchers conducted a study on public health services. Training and awareness sessions will be conducted for stakeholders. the department reported in its latest release.,REAL
Transportation department introduced new guidelines for cybersecurity awareness. Experts believe the move will support long-term development. official sources provided the details.,REAL
Education ministry conducted a study on community safety programs. Officials stated that the program will be implemented in phases. the department reported in its latest release.,REAL
Technology companies conducted a study on urban transportation efficiency. Officials stated that the program will be implemented in phases. the department reported in its latest release.,REAL
Economic analysts organized a campaign to promote renewable energy adoption. The initiative is expected to benefit thousands of citizens. the information was released by the ministry.,REAL
Health officials implemented measures to strengthen small business development. Public feedback will be collected during the rollout period. authorities shared the update earlier this week.,REAL
Transportation department launched a program to support education quality. Training and awareness sessions will be conducted for stakeholders. according to an official statement.,REAL
Health officials expanded services related to digital infrastructure. The effort is part of a broader national development plan. the information was released by the ministry.,REAL
Public health experts organized a campaign to promote renewable energy adoption. The project focuses on both urban and rural communities. official sources provided the details.,REAL
Technology companies launched a program to support job skill training. The project focuses on both urban and rural communities. the department reported in its latest release.,REAL
Technology companies expanded services related to small business development. Officials stated that the program will be implemented in phases. the information was released by the ministry.,REAL
Education ministry expanded services related to digital infrastructure. The initiative is expected to benefit thousands of citizens. the announcement was made through official channels.,REAL
Technology companies released updated data on environmental conservation. Authorities will monitor progress and release periodic updates. the information was released by the ministry.,REAL
Economic analysts announced a new initiative to improve public health services. The project focuses on both urban and rural communities. authorities shared the update earlier this week.,REAL
Education ministry implemented measures to strengthen public health services. The project focuses on both urban and rural communities. the announcement was made through official channels.,REAL
Technology companies introduced new guidelines for urban transportation efficiency. Additional resources have been allocated to ensure smooth implementation. according to an official statement.,REAL
Technology companies announced a new initiative to improve digital infrastructure. Additional resources have been allocated to ensure smooth implementation. the information was released by the ministry.,REAL
Health officials reported progress in public health services. Officials stated that the program will be implemented in phases. the information was released by the ministry.,REAL
Health officials announced a new initiative to improve public health services. Officials stated that the program will be implemented in phases. the findings were published in a recent report.,REAL
Health officials expanded services related to education quality. The project focuses on both urban and rural communities. the department reported in its latest release.,REAL
The government announced a new initiative to improve urban transportation efficiency. The initiative aims to improve access and efficiency across regions. official sources provided the details.,REAL
Health officials expanded services related to digital infrastructure. Public feedback will be collected during the rollout period. authorities shared the update earlier this week.,REAL
Health officials implemented measures to strengthen renewable energy adoption. Public feedback will be collected during the rollout period. authorities shared the update earlier this week.,REAL
The government conducted a study on urban transportation efficiency. Authorities will monitor progress and release periodic updates. the announcement was made through official channels.,REAL
Education ministry introduced new guidelines for job skill training. Training and awareness sessions will be conducted for stakeholders. authorities shared the update earlier this week.,REAL
Health officials implemented measures to strengthen digital infrastructure. The initiative is expected to benefit thousands of citizens. the announcement was made through official channels.,REAL
Health officials reported progress in renewable energy adoption. The effort is part of a broader national development plan. officials confirmed during a press briefing.,REAL
The government introduced new guidelines for community safety programs. The project focuses on both urban and rural communities. authorities shared the update earlier this week.,REAL
Local authorities released updated data on urban transportation efficiency. Officials stated that the program will be implemented in phases. authorities shared the update earlier this week.,REAL
Transportation department expanded services related to renewable energy adoption. The project focuses on both urban and rural communities. the announcement was made through official channels.,REAL
Economic analysts approved funding for cybersecurity awareness. Public feedback will be collected during the rollout period. the findings were published in a recent report.,REAL
Environmental agencies conducted a study on public health services. Training and awareness sessions will be conducted for stakeholders. according to an official statement.,REAL
Local authorities released updated data on education quality. Additional resources have been allocated to ensure smooth implementation. according to an official statement.,REAL
Technology companies conducted a study on public health services. Public feedback will be collected during the rollout period. according to an official statement.,REAL
Health officials expanded services related to cybersecurity awareness. The effort is part of a broader national development plan. the information was released by the ministry.,REAL
Researchers organized a campaign to promote job skill training. Experts believe the move will support long-term development. the information was released by the ministry.,REAL
Health officials released updated data on digital infrastructure. Authorities will monitor progress and release periodic updates. officials confirmed during a press briefing.,REAL
Public health experts approved funding for community safety programs. Additional resources have been allocated to ensure smooth implementation. officials confirmed during a press briefing.,REAL
The government organized a campaign to promote small business development. Authorities will monitor progress and release periodic updates. the information was released by the ministry.,REAL
Transportation department launched a program to support cybersecurity awareness. Authorities will monitor progress and release periodic updates. the information was released by the ministry.,REAL
Transportation department implemented measures to strengthen environmental conservation. Experts believe the move will support long-term development. the announcement was made through official channels.,REAL
Transportation department organized a campaign to promote digital infrastructure. Training and awareness sessions will be conducted for stakeholders. the findings were published in a recent report.,REAL
Technology companies approved funding for environmental conservation. The effort is part of a broader national development plan. the findings were published in a recent report.,REAL
Environmental agencies introduced new guidelines for urban transportation efficiency. Experts believe the move will support long-term development. according to an official statement.,REAL
Local authorities expanded services related to education quality. Public feedback will be collected during the rollout period. the information was released by the ministry.,REAL
Public health experts reported progress in job skill training. Experts believe the move will support long-term development. the information was released by the ministry.,REAL
Local authorities approved funding for small business development. Authorities will monitor progress and release periodic updates. according to an official statement.,REAL
Local authorities launched a program to support community safety programs. The initiative is expected to benefit thousands of citizens. officials confirmed during a press briefing.,REAL
Environmental agencies conducted a study on job skill training. The effort is part of a broader national development plan. according to an official statement.,REAL
Researchers organized a campaign to promote renewable energy adoption. The effort is part of a broader national development plan. the announcement was made through official channels.,REAL
Environmental agencies approved funding for public health services. Training and awareness sessions will be conducted for stakeholders. officials confirmed during a press briefing.,REAL
The government conducted a study on education quality. Officials stated that the program will be implemented in phases. according to an official statement.,REAL
Public health experts approved funding for community safety programs. The effort is part of a broader national development plan. officials confirmed during a press briefing.,REAL
Technology companies released updated data on urban transportation efficiency. The initiative is expected to benefit thousands of citizens. according to an official statement.,REAL
Local authorities released updated data on cybersecurity awareness. The effort is part of a broader national development plan. the announcement was made through official channels.,REAL
Public health experts released updated data on job skill training. The effort is part of a broader national development plan. official sources provided the details.,REAL
Public health experts launched a program to support digital infrastructure. The initiative aims to improve access and efficiency across regions. the department reported in its latest release.,REAL
Environmental agencies implemented measures to strengthen public health services. Public feedback will be collected during the rollout period. authorities shared the update earlier this week.,REAL
Environmental agencies released updated data on public health services. Additional resources have been allocated to ensure smooth implementation. officials confirmed during a press briefing.,REAL
Education ministry expanded services related to cybersecurity awareness. Additional resources have been allocated to ensure smooth implementation. the department reported in its latest release.,REAL
The government launched a program to support cybersecurity awareness. Officials stated that the program will be implemented in phases. the information was released by the ministry.,REAL
Environmental agencies implemented measures to strengthen urban transportation efficiency. The initiative is expected to benefit thousands of citizens. according to an official statement.,REAL
Local authorities expanded services related to environmental conservation. The initiative is expected to benefit thousands of citizens. officials confirmed during a press briefing.,REAL
Transportation department conducted a study on small business development. Authorities will monitor progress and release periodic updates. the department reported in its latest release.,REAL
Economic analysts reported progress in public health services. The initiative is expected to benefit thousands of citizens. the department reported in its latest release.,REAL
Transportation department expanded services related to community safety programs. The effort is part of a broader national development plan. according to an official statement.,REAL
Environmental agencies released updated data on digital infrastructure. Experts believe the move will support long-term development. the information was released by the ministry.,REAL
Education ministry conducted a study on digital infrastructure. Authorities will monitor progress and release periodic updates. authorities shared the update earlier this week.,REAL
Environmental agencies introduced new guidelines for small business development. The initiative aims to improve access and efficiency across regions. the findings were published in a recent report.,REAL
Transportation department expanded services related to community safety programs. The project focuses on both urban and rural communities. official sources provided the details.,REAL
Researchers reported progress in job skill training. The effort is part of a broader national development plan. official sources provided the details.,REAL
Education ministry organized a campaign to promote education quality. The project focuses on both urban and rural communities. the information was released by the ministry.,REAL
Local authorities launched a program to support education quality. Training and awareness sessions will be conducted for stakeholders. authorities shared the update earlier this week.,REAL
Researchers reported progress in cybersecurity awareness. Training and awareness sessions will be conducted for stakeholders. authorities shared the update earlier this week.,REAL
Public health experts implemented measures to strengthen job skill training. The effort is part of a broader national development plan. officials confirmed during a press briefing.,REAL
Education ministry released updated data on cybersecurity awareness. Authorities will monitor progress and release periodic updates. the information was released by the ministry.,REAL
Public health experts introduced new guidelines for public health services. The initiative is expected to benefit thousands of citizens. the announcement was made through official channels.,REAL
Local authorities organized a campaign to promote renewable energy adoption. Training and awareness sessions will be conducted for stakeholders. authorities shared the update earlier this week.,REAL
Health officials launched a program to support digital infrastructure. Experts believe the move will support long-term development. according to an official statement.,REAL
Technology companies organized a campaign to promote public health services. The effort is part of a broader national development plan. authorities shared the update earlier this week.,REAL
Environmental agencies implemented measures to strengthen job skill training. The effort is part of a broader national development plan. the department reported in its latest release.,REAL
Economic analysts reported progress in cybersecurity awareness. Experts believe the move will support long-term development. the findings were published in a recent report.,REAL
Researchers reported progress in cybersecurity awareness. Public feedback will be collected during the rollout period. official sources provided the details.,REAL
Technology companies implemented measures to strengthen environmental conservation. Additional resources have been allocated to ensure smooth implementation. the announcement was made through official channels.,REAL
Health officials released updated data on small business development. The initiative is expected to benefit thousands of citizens. authorities shared the update earlier this week.,REAL
Researchers approved funding for public health services. The initiative aims to improve access and efficiency across regions. the information was released by the ministry.,REAL
Education ministry reported progress in renewable energy adoption. The initiative is expected to benefit thousands of citizens. the announcement was made through official channels.,REAL
Transportation department organized a campaign to promote education quality. Public feedback will be collected during the rollout period. authorities shared the update earlier this week.,REAL
Economic analysts released updated data on renewable energy adoption. Additional resources have been allocated to ensure smooth implementation. officials confirmed during a press briefing.,REAL
Transportation department implemented measures to strengthen digital infrastructure. Additional resources have been allocated to ensure smooth implementation. the findings were published in a recent report.,REAL
Economic analysts expanded services related to small business development. Experts believe the move will support long-term development. the information was released by the ministry.,REAL
Health officials launched a program to support job skill training. The initiative is expected to benefit thousands of citizens. authorities shared the update earlier this week.,REAL
Transportation department launched a program to support digital infrastructure. The initiative aims to improve access and efficiency across regions. the department reported in its latest release.,REAL
Health officials approved funding for environmental conservation. Experts believe the move will support long-term development. the department reported in its latest release.,REAL
Local authorities organized a campaign to promote urban transportation efficiency. Public feedback will be collected during the rollout period. the announcement was made through official channels.,REAL
Education ministry expanded services related to small business development. Authorities will monitor progress and release periodic updates. authorities shared the update earlier this week.,REAL
Local authorities approved funding for environmental conservation. Public feedback will be collected during the rollout period. authorities shared the update earlier this week.,REAL
Local authorities expanded services related to digital infrastructure. The initiative aims to improve access and efficiency across regions. authorities shared the update earlier this week.,REAL
Public health experts approved funding for job skill training. The initiative aims to improve access and efficiency across regions. official sources provided the details.,REAL
Transportation department implemented measures to strengthen public health services. The initiative is expected to benefit thousands of citizens. officials confirmed during a press briefing.,REAL
Technology companies implemented measures to strengthen environmental conservation. The initiative is expected to benefit thousands of citizens. official sources provided the details.,REAL
Technology companies organized a campaign to promote environmental conservation. Authorities will monitor progress and release periodic updates. officials confirmed during a press briefing.,REAL
Researchers approved funding for cybersecurity awareness. The project focuses on both urban and rural communities. the announcement was made through official channels.,REAL
Education ministry reported progress in public health services. The initiative is expected to benefit thousands of citizens. the information was released by the ministry.,REAL
Education ministry organized a campaign to promote job skill training. The project focuses on both urban and rural communities. the findings were published in a recent report.,REAL
Technology companies approved funding for cybersecurity awareness. Additional resources have been allocated to ensure smooth implementation. the findings were published in a recent report.,REAL
Researchers launched a program to support urban transportation efficiency. Training and awareness sessions will be conducted for stakeholders. the department reported in its latest release.,REAL
Transportation department organized a campaign to promote urban transportation efficiency. Additional resources have been allocated to ensure smooth implementation. official sources provided the details.,REAL
The government introduced new guidelines for urban transportation efficiency. The effort is part of a broader national development plan. officials confirmed during a press briefing.,REAL
Researchers introduced new guidelines for urban transportation efficiency. The initiative is expected to benefit thousands of citizens. officials confirmed during a press briefing.,REAL
The government announced a new initiative to improve digital infrastructure. Authorities will monitor progress and release periodic updates. the announcement was made through official channels.,REAL
Transportation department announced a new initiative to improve community safety programs. Training and awareness sessions will be conducted for stakeholders. officials confirmed during a press briefing.,REAL
The government released updated data on public health services. Officials stated that the program will be implemented in phases. the findings were published in a recent report.,REAL
Economic analysts implemented measures to strengthen cybersecurity awareness. Training and awareness sessions will be conducted for stakeholders. the findings were published in a recent report.,REAL
Education ministry introduced new guidelines for digital infrastructure. The initiative is expected to benefit thousands of citizens. the information was released by the ministry.,REAL
Local authorities reported progress in job skill training. Authorities will monitor progress and release periodic updates. official sources provided the details.,REAL
Researchers launched a program to support renewable energy adoption. Additional resources have been allocated to ensure smooth implementation. the findings were published in a recent report.,REAL
Education ministry reported progress in environmental conservation. Officials stated that the program will be implemented in phases. the announcement was made through official channels.,REAL
Local authorities approved funding for public health services. Public feedback will be collected during the rollout period. according to an official statement.,REAL
The government approved funding for urban transportation efficiency. Authorities will monitor progress and release periodic updates. the department reported in its latest release.,REAL
Researchers implemented measures to strengthen cybersecurity awareness. Training and awareness sessions will be conducted for stakeholders. authorities shared the update earlier this week.,REAL
Environmental agencies expanded services related to cybersecurity awareness. The effort is part of a broader national development plan. according to an official statement.,REAL
Technology companies announced a new initiative to improve job skill training. Public feedback will be collected during the rollout period. the findings were published in a recent report.,REAL
Economic analysts conducted a study on renewable energy adoption. The initiative is expected to benefit thousands of citizens. the information was released by the ministry.,REAL
Local authorities released updated data on urban transportation efficiency. The initiative aims to improve access and efficiency across regions. authorities shared the update earlier this week.,REAL
Local authorities reported progress in digital infrastructure. The initiative is expected to benefit thousands of citizens. the announcement was made through official channels.,REAL
Local authorities organized a campaign to promote community safety programs. Additional resources have been allocated to ensure smooth implementation. the announcement was made through official channels.,REAL
Education ministry implemented measures to strengthen environmental conservation. The project focuses on both urban and rural communities. the findings were published in a recent report.,REAL
Public health experts conducted a study on cybersecurity awareness. The project focuses on both urban and rural communities. authorities shared the update earlier this week.,REAL
Environmental agencies implemented measures to strengthen urban transportation efficiency. Training and awareness sessions will be conducted for stakeholders. the findings were published in a recent report.,REAL
Economic analysts announced a new initiative to improve digital infrastructure. Experts believe the move will support long-term development. the department reported in its latest release.,REAL
Researchers expanded services related to environmental conservation. Training and awareness sessions will be conducted for stakeholders. the information was released by the ministry.,REAL
Local authorities released updated data on education quality. The initiative aims to improve access and efficiency across regions. authorities shared the update earlier this week.,REAL
Researchers released updated data on community safety programs. Authorities will monitor progress and release periodic updates. official sources provided the details.,REAL
Public health experts introduced new guidelines for urban transportation efficiency. The initiative is expected to benefit thousands of citizens. official sources provided the details.,REAL
Economic analysts launched a program to support cybersecurity awareness. The initiative is expected to benefit thousands of citizens. according to an official statement.,REAL
Local authorities approved funding for small business development. The effort is part of a broader national development plan. the department reported in its latest release.,REAL
Health officials announced a new initiative to improve small business development. Public feedback will be collected during the rollout period. officials confirmed during a press briefing.,REAL
Health officials approved funding for public health services. Authorities will monitor progress and release periodic updates. the information was released by the ministry.,REAL
Transportation department implemented measures to strengthen public health services. Additional resources have been allocated to ensure smooth implementation. the information was released by the ministry.,REAL
Health officials conducted a study on community safety programs. The initiative aims to improve access and efficiency across regions. the findings were published in a recent report.,REAL
Local authorities reported progress in renewable energy adoption. Officials stated that the program will be implemented in phases. the department reported in its latest release.,REAL
Technology companies launched a program to support public health services. Additional resources have been allocated to ensure smooth implementation. the findings were published in a recent report.,REAL
Local authorities conducted a study on environmental conservation. Experts believe the move will support long-term development. the department reported in its latest release.,REAL
Environmental agencies implemented measures to strengthen digital infrastructure. The effort is part of a broader national development plan. the department reported in its latest release.,REAL
Education ministry organized a campaign to promote environmental conservation. Public feedback will be collected during the rollout period. authorities shared the update earlier this week.,REAL
Public health experts conducted a study on small business development. The project focuses on both urban and rural communities. the findings were published in a recent report.,REAL
Education ministry reported progress in public health services. Experts believe the move will support long-term development. the department reported in its latest release.,REAL
Technology companies expanded services related to environmental conservation. Officials stated that the program will be implemented in phases. the announcement was made through official channels.,REAL
Transportation department reported progress in environmental conservation. Public feedback will be collected during the rollout period. according to an official statement.,REAL
Education ministry conducted a study on urban transportation efficiency. The project focuses on both urban and rural communities. the findings were published in a recent report.,REAL
Researchers released updated data on digital infrastructure. Public feedback will be collected during the rollout period. authorities shared the update earlier this week.,REAL
Researchers introduced new guidelines for public health services. The initiative is expected to benefit thousands of citizens. according to an official statement.,REAL
Education ministry launched a program to support public health services. Public feedback will be collected during the rollout period. officials confirmed during a press briefing.,REAL
Technology companies expanded services related to urban transportation efficiency. Experts believe the move will support long-term development. officials confirmed during a press briefing.,REAL
Economic analysts launched a program to support cybersecurity awareness. The initiative aims to improve access and efficiency across regions. the information was released by the ministry.,REAL
Transportation department expanded services related to urban transportation efficiency. Public feedback will be collected during the rollout period. the information was released by the ministry.,REAL
Education ministry announced a new initiative to improve public health services. Training and awareness sessions will be conducted for stakeholders. official sources provided the details.,REAL
Researchers reported progress in renewable energy adoption. The initiative is expected to benefit thousands of citizens. the announcement was made through official channels.,REAL
Transportation department introduced new guidelines for public health services. Training and awareness sessions will be conducted for stakeholders. the information was released by the ministry.,REAL
Environmental agencies announced a new initiative to improve education quality. The initiative is expected to benefit thousands of citizens. the findings were published in a recent report.,REAL
Transportation department expanded services related to education quality. Additional resources have been allocated to ensure smooth implementation. the announcement was made through official channels.,REAL
Local authorities conducted a study on cybersecurity awareness. Additional resources have been allocated to ensure smooth implementation. the information was released by the ministry.,REAL
Transportation department launched a program to support small business development. The initiative is expected to benefit thousands of citizens. officials confirmed during a press briefing.,REAL
Environmental agencies launched a program to support public health services. Public feedback will be collected during the rollout period. according to an official statement.,REAL
Public health experts announced a new initiative to improve small business development. The initiative is expected to benefit thousands of citizens. officials confirmed during a press briefing.,REAL
The government approved funding for renewable energy adoption. Public feedback will be collected during the rollout period. according to an official statement.,REAL
Researchers expanded services related to digital infrastructure. The effort is part of a broader national development plan. the information was released by the ministry.,REAL
Economic analysts expanded services related to job skill training. The initiative aims to improve access and efficiency across regions. authorities shared the update earlier this week.,REAL
Economic analysts implemented measures to strengthen cybersecurity awareness. Training and awareness sessions will be conducted for stakeholders. official sources provided the details.,REAL
Economic analysts announced a new initiative to improve public health services. The initiative is expected to benefit thousands of citizens. the information was released by the ministry.,REAL
Researchers conducted a study on renewable energy adoption. Training and awareness sessions will be conducted for stakeholders. officials confirmed during a press briefing.,REAL
Education ministry introduced new guidelines for job skill training. The initiative aims to improve access and efficiency across regions. the findings were published in a recent report.,REAL
Transportation department approved funding for environmental conservation. Experts believe the move will support long-term development. according to an official statement.,REAL
Economic analysts released updated data on small business development. Officials stated that the program will be implemented in phases. officials confirmed during a press briefing.,REAL
Local authorities implemented measures to strengthen job skill training. The project focuses on both urban and rural communities. authorities shared the update earlier this week.,REAL
Public health experts announced a new initiative to improve small business development. Officials stated that the program will be implemented in phases. authorities shared the update earlier this week.,REAL
Researchers expanded services related to renewable energy adoption. The initiative is expected to benefit thousands of citizens. the information was released by the ministry.,REAL
Public health experts expanded services related to renewable energy adoption. The initiative aims to improve access and efficiency across regions. the announcement was made through official channels.,REAL
Technology companies launched a program to support education quality. Authorities will monitor progress and release periodic updates. authorities shared the update earlier this week.,REAL
Technology companies organized a campaign to promote urban transportation efficiency. Officials stated that the program will be implemented in phases. authorities shared the update earlier this week.,REAL
Local authorities expanded services related to small business development. The project focuses on both urban and rural communities. official sources provided the details.,REAL
Environmental agencies conducted a study on community safety programs. The effort is part of a broader national development plan. officials confirmed during a press briefing.,REAL
Technology companies expanded services related to job skill training. Public feedback will be collected during the rollout period. the findings were published in a recent report.,REAL
Education ministry organized a campaign to promote urban transportation efficiency. The effort is part of a broader national development plan. officials confirmed during a press briefing.,REAL
Transportation department approved funding for community safety programs. Officials stated that the program will be implemented in phases. official sources provided the details.,REAL
Transportation department expanded services related to education quality. Experts believe the move will support long-term development. official sources provided the details.,REAL
Economic analysts reported progress in cybersecurity awareness. Officials stated that the program will be implemented in phases. the information was released by the ministry.,REAL
Health officials announced a new initiative to improve environmental conservation. The initiative aims to improve access and efficiency across regions. the findings were published in a recent report.,REAL
Economic analysts implemented measures to strengthen community safety programs. Authorities will monitor progress and release periodic updates. official sources provided the details.,REAL
Education ministry expanded services related to renewable energy adoption. Authorities will monitor progress and release periodic updates. the announcement was made through official channels.,REAL
Researchers introduced new guidelines for renewable energy adoption. Additional resources have been allocated to ensure smooth implementation. officials confirmed during a press briefing.,REAL
Health officials released updated data on cybersecurity awareness. Additional resources have been allocated to ensure smooth implementation. the announcement was made through official channels.,REAL
Economic analysts conducted a study on urban transportation efficiency. Authorities will monitor progress and release periodic updates. the department reported in its latest release.,REAL
Local authorities introduced new guidelines for education quality. The effort is part of a broader national development plan. authorities shared the update earlier this week.,REAL
The government organized a campaign to promote public health services. Experts believe the move will support long-term development. the announcement was made through official channels.,REAL
Researchers organized a campaign to promote job skill training. The project focuses on both urban and rural communities. according to an official statement.,REAL
Public health experts introduced new guidelines for community safety programs. Experts believe the move will support long-term development. officials confirmed during a press briefing.,REAL
Researchers reported progress in community safety programs. The initiative aims to improve access and efficiency across regions. the announcement was made through official channels.,REAL
Transportation department implemented measures to strengthen cybersecurity awareness. Officials stated that the program will be implemented in phases. officials confirmed during a press briefing.,REAL
Researchers introduced new guidelines for cybersecurity awareness. Experts believe the move will support long-term development. the information was released by the ministry.,REAL
Public health experts organized a campaign to promote education quality. Additional resources have been allocated to ensure smooth implementation. the department reported in its latest release.,REAL
Local authorities conducted a study on small business development. Public feedback will be collected during the rollout period. according to an official statement.,REAL
Researchers launched a program to support cybersecurity awareness. The project focuses on both urban and rural communities. according to an official statement.,REAL
Economic analysts reported progress in public health services. The initiative is expected to benefit thousands of citizens. the findings were published in a recent report.,REAL
Technology companies implemented measures to strengthen small business development. Additional resources have been allocated to ensure smooth implementation. official sources provided the details.,REAL
Researchers organized a campaign to promote renewable energy adoption. Authorities will monitor progress and release periodic updates. the announcement was made through official channels.,REAL
Technology companies released updated data on small business development. Training and awareness sessions will be conducted for stakeholders. officials confirmed during a press briefing.,REAL
Local authorities released updated data on public health services. Authorities will monitor progress and release periodic updates. officials confirmed during a press briefing.,REAL
Health officials conducted a study on small business development. Training and awareness sessions will be conducted for stakeholders. officials confirmed during a press briefing.,REAL
Economic analysts approved funding for community safety programs. Training and awareness sessions will be conducted for stakeholders. authorities shared the update earlier this week.,REAL
The government approved funding for job skill training. Additional resources have been allocated to ensure smooth implementation. officials confirmed during a press briefing.,REAL
Environmental agencies approved funding for cybersecurity awareness. The initiative is expected to benefit thousands of citizens. the announcement was made through official channels.,REAL
Researchers approved funding for small business development. The effort is part of a broader national development plan. the announcement was made through official channels.,REAL
The government introduced new guidelines for community safety programs. The project focuses on both urban and rural communities. the findings were published in a recent report.,REAL
Education ministry launched a program to support environmental conservation. Public feedback will be collected during the rollout period. official sources provided the details.,REAL
Education ministry implemented measures to strengthen community safety programs. The initiative aims to improve access and efficiency across regions. the announcement was made through official channels.,REAL
Researchers reported progress in urban transportation efficiency. Authorities will monitor progress and release periodic updates. officials confirmed during a press briefing.,REAL
Local authorities introduced new guidelines for public health services. Authorities will monitor progress and release periodic updates. official sources provided the details.,REAL
Researchers released updated data on renewable energy adoption. Officials stated that the program will be implemented in phases. the findings were published in a recent report.,REAL
Transportation department organized a campaign to promote digital infrastructure. Officials stated that the program will be implemented in phases. the department reported in its latest release.,REAL
The government reported progress in environmental conservation. The initiative aims to improve access and efficiency across regions. official sources provided the details.,REAL
Transportation department implemented measures to strengthen urban transportation efficiency. Officials stated that the program will be implemented in phases. officials confirmed during a press briefing.,REAL
Technology companies introduced new guidelines for digital infrastructure. Experts believe the move will support long-term development. authorities shared the update earlier this week.,REAL
Researchers expanded services related to cybersecurity awareness. Public feedback will be collected during the rollout period. the department reported in its latest release.,REAL
Environmental agencies launched a program to support digital infrastructure. The effort is part of a broader national development plan. official sources provided the details.,REAL
Environmental agencies introduced new guidelines for job skill training. Public feedback will be collected during the rollout period. the information was released by the ministry.,REAL
Public health experts introduced new guidelines for cybersecurity awareness. The initiative is expected to benefit thousands of citizens. the findings were published in a recent report.,REAL
Education ministry reported progress in urban transportation efficiency. Training and awareness sessions will be conducted for stakeholders. authorities shared the update earlier this week.,REAL
Public health experts reported progress in urban transportation efficiency. The initiative aims to improve access and efficiency across regions. authorities shared the update earlier this week.,REAL
Environmental agencies approved funding for environmental conservation. Authorities will monitor progress and release periodic updates. officials confirmed during a press briefing.,REAL
Education ministry expanded services related to digital infrastructure. The initiative aims to improve access and efficiency across regions. authorities shared the update earlier this week.,REAL
Researchers released updated data on education quality. The initiative is expected to benefit thousands of citizens. according to an official statement.,REAL
Public health experts launched a program to support environmental conservation. Authorities will monitor progress and release periodic updates. officials confirmed during a press briefing.,REAL
Health officials organized a campaign to promote environmental conservation. Authorities will monitor progress and release periodic updates. the announcement was made through official channels.,REAL
Technology companies released updated data on public health services. Officials stated that the program will be implemented in phases. the information was released by the ministry.,REAL
Researchers implemented measures to strengthen education quality. The effort is part of a broader national development plan. the department reported in its latest release.,REAL
The government organized a campaign to promote job skill training. The project focuses on both urban and rural communities. according to an official statement.,REAL
Local authorities approved funding for environmental conservation. Additional resources have been allocated to ensure smooth implementation. the department reported in its latest release.,REAL
Transportation department introduced new guidelines for public health services. The project focuses on both urban and rural communities. official sources provided the details.,REAL
Economic analysts expanded services related to environmental conservation. The initiative is expected to benefit thousands of citizens. the findings were published in a recent report.,REAL
Researchers introduced new guidelines for education quality. The initiative aims to improve access and efficiency across regions. officials confirmed during a press briefing.,REAL
Health officials organized a campaign to promote education quality. The initiative aims to improve access and efficiency across regions. according to an official statement.,REAL
Environmental agencies released updated data on environmental conservation. Training and awareness sessions will be conducted for stakeholders. authorities shared the update earlier this week.,REAL
Public health experts reported progress in community safety programs. Authorities will monitor progress and release periodic updates. the announcement was made through official channels.,REAL
Economic analysts organized a campaign to promote cybersecurity awareness. The effort is part of a broader national development plan. officials confirmed during a press briefing.,REAL
The government implemented measures to strengthen job skill training. The initiative is expected to benefit thousands of citizens. the information was released by the ministry.,REAL
Education ministry released updated data on small business development. The initiative aims to improve access and efficiency across regions. official sources provided the details.,REAL
Researchers announced a new initiative to improve environmental conservation. Training and awareness sessions will be conducted for stakeholders. the department reported in its latest release.,REAL
Economic analysts conducted a study on urban transportation efficiency. The initiative is expected to benefit thousands of citizens. the information was released by the ministry.,REAL
Local authorities released updated data on education quality. The effort is part of a broader national development plan. the announcement was made through official channels.,REAL
Environmental agencies announced a new initiative to improve cybersecurity awareness. Training and awareness sessions will be conducted for stakeholders. the announcement was made through official channels.,REAL
Education ministry released updated data on education quality. The initiative aims to improve access and efficiency across regions. the announcement was made through official channels.,REAL
Researchers reported progress in public health services. Public feedback will be collected during the rollout period. official sources provided the details.,REAL
Researchers expanded services related to digital infrastructure. Training and awareness sessions will be conducted for stakeholders. the department reported in its latest release.,REAL
Local authorities reported progress in environmental conservation. Training and awareness sessions will be conducted for stakeholders. according to an official statement.,REAL
Transportation department expanded services related to renewable energy adoption. The effort is part of a broader national development plan. the findings were published in a recent report.,REAL
Health officials approved funding for community safety programs. The effort is part of a broader national development plan. according to an official statement.,REAL
Education ministry released updated data on environmental conservation. The initiative is expected to benefit thousands of citizens. the department reported in its latest release.,REAL
Local authorities organized a campaign to promote environmental conservation. Additional resources have been allocated to ensure smooth implementation. official sources provided the details.,REAL
Education ministry announced a new initiative to improve small business development. Additional resources have been allocated to ensure smooth implementation. authorities shared the update earlier this week.,REAL
Technology companies announced a new initiative to improve education quality. Training and awareness sessions will be conducted for stakeholders. authorities shared the update earlier this week.,REAL
Environmental agencies approved funding for cybersecurity awareness. Training and awareness sessions will be conducted for stakeholders. authorities shared the update earlier this week.,REAL
Public health experts approved funding for job skill training. The initiative aims to improve access and efficiency across regions. official sources provided the details.,REAL
Public health experts reported progress in renewable energy adoption. Experts believe the move will support long-term development. the information was released by the ministry.,REAL
Environmental agencies organized a campaign to promote small business development. Authorities will monitor progress and release periodic updates. the department reported in its latest release.,REAL
Environmental agencies introduced new guidelines for digital infrastructure. Officials stated that the program will be implemented in phases. officials confirmed during a press briefing.,REAL
Education ministry conducted a study on education quality. Officials stated that the program will be implemented in phases. officials confirmed during a press briefing.,REAL
Economic analysts released updated data on job skill training. Authorities will monitor progress and release periodic updates. the announcement was made through official channels.,REAL
Environmental agencies implemented measures to strengthen renewable energy adoption. Experts believe the move will support long-term development. the findings were published in a recent report.,REAL
Researchers implemented measures to strengthen cybersecurity awareness. Authorities will monitor progress and release periodic updates. the findings were published in a recent report.,REAL
Economic analysts expanded services related to digital infrastructure. Officials stated that the program will be implemented in phases. officials confirmed during a press briefing.,REAL
Transportation department reported progress in job skill training. The effort is part of a broader national development plan. the department reported in its latest release.,REAL
Researchers expanded services related to cybersecurity awareness. Public feedback will be collected during the rollout period. official sources provided the details.,REAL
Local authorities organized a campaign to promote environmental conservation. The initiative aims to improve access and efficiency across regions. the information was released by the ministry.,REAL
Environmental agencies implemented measures to strengthen small business development. Additional resources have been allocated to ensure smooth implementation. the department reported in its latest release.,REAL
Local authorities expanded services related to education quality. The initiative aims to improve access and efficiency across regions. officials confirmed during a press briefing.,REAL
Education ministry introduced new guidelines for public health services. Additional resources have been allocated to ensure smooth implementation. officials confirmed during a press briefing.,REAL
Education ministry expanded services related to community safety programs. The project focuses on both urban and rural communities. the information was released by the ministry.,REAL
Transportation department conducted a study on public health services. The initiative aims to improve access and efficiency across regions. authorities shared the update earlier this week.,REAL
Public health experts organized a campaign to promote digital infrastructure. Authorities will monitor progress and release periodic updates. the department reported in its latest release.,REAL
Transportation department launched a program to support digital infrastructure. The effort is part of a broader national development plan. the announcement was made through official channels.,REAL
Public health experts reported progress in digital infrastructure. Officials stated that the program will be implemented in phases. the announcement was made through official channels.,REAL
Local authorities reported progress in urban transportation efficiency. Training and awareness sessions will be conducted for stakeholders. the department reported in its latest release.,REAL
Transportation department expanded services related to digital infrastructure. Authorities will monitor progress and release periodic updates. official sources provided the details.,REAL
Transportation department announced a new initiative to improve small business development. The project focuses on both urban and rural communities. the department reported in its latest release.,REAL
Local authorities introduced new guidelines for digital infrastructure. The project focuses on both urban and rural communities. according to an official statement.,REAL
Local authorities expanded services related to small business development. The initiative is expected to benefit thousands of citizens. according to an official statement.,REAL
Health officials introduced new guidelines for public health services. Public feedback will be collected during the rollout period. official sources provided the details.,REAL
Environmental agencies announced a new initiative to improve community safety programs. The initiative aims to improve access and efficiency across regions. the information was released by the ministry.,REAL
Technology companies approved funding for public health services. Officials stated that the program will be implemented in phases. the findings were published in a recent report.,REAL
Health officials organized a campaign to promote small business development. The initiative is expected to benefit thousands of citizens. the announcement was made through official channels.,REAL
Public health experts expanded services related to renewable energy adoption. Additional resources have been allocated to ensure smooth implementation. officials confirmed during a press briefing.,REAL
Health officials announced a new initiative to improve small business development. The initiative aims to improve access and efficiency across regions. the findings were published in a recent report.,REAL
Environmental agencies approved funding for small business development. Experts believe the move will support long-term development. according to an official statement.,REAL
Education ministry expanded services related to renewable energy adoption. The effort is part of a broader national development plan. the department reported in its latest release.,REAL
Environmental agencies conducted a study on urban transportation efficiency. Authorities will monitor progress and release periodic updates. official sources provided the details.,REAL
The government reported progress in small business development. Public feedback will be collected during the rollout period. the findings were published in a recent report.,REAL
Public health experts released updated data on public health services. Training and awareness sessions will be conducted for stakeholders. according to an official statement.,REAL
Local authorities announced a new initiative to improve digital infrastructure. The effort is part of a broader national development plan. the findings were published in a recent report.,REAL
Public health experts announced a new initiative to improve cybersecurity awareness. Training and awareness sessions will be conducted for stakeholders. the department reported in its latest release.,REAL
Health officials reported progress in public health services. Officials stated that the program will be implemented in phases. official sources provided the details.,REAL
The government announced a new initiative to improve public health services. The project focuses on both urban and rural communities. the findings were published in a recent report.,REAL
Health officials conducted a study on small business development. Officials stated that the program will be implemented in phases. the department reported in its latest release.,REAL
Education ministry conducted a study on environmental conservation. Officials stated that the program will be implemented in phases. the department reported in its latest release.,REAL
The government approved funding for job skill training. The effort is part of a broader national development plan. the announcement was made through official channels.,REAL
Health officials organized a campaign to promote job skill training. Authorities will monitor progress and release periodic updates. authorities shared the update earlier this week.,REAL
Local authorities introduced new guidelines for community safety programs. The project focuses on both urban and rural communities. official sources provided the details.,REAL
Transportation department approved funding for digital infrastructure. Experts believe the move will support long-term development. the findings were published in a recent report.,REAL
Technology companies approved funding for small business development. Authorities will monitor progress and release periodic updates. authorities shared the update earlier this week.,REAL
Public health experts released updated data on small business development. The effort is part of a broader national development plan. the announcement was made through official channels.,REAL
Transportation department announced a new initiative to improve small business development. The initiative aims to improve access and efficiency across regions. the announcement was made through official channels.,REAL
Public health experts implemented measures to strengthen urban transportation efficiency. Authorities will monitor progress and release periodic updates. the department reported in its latest release.,REAL
Education ministry released updated data on environmental conservation. Additional resources have been allocated to ensure smooth implementation. the findings were published in a recent report.,REAL
The government launched a program to support community safety programs. Additional resources have been allocated to ensure smooth implementation. the announcement was made through official channels.,REAL
Environmental agencies organized a campaign to promote small business development. Training and awareness sessions will be conducted for stakeholders. official sources provided the details.,REAL
Researchers reported progress in public health services. Authorities will monitor progress and release periodic updates. authorities shared the update earlier this week.,REAL
Researchers launched a program to support job skill training. Experts believe the move will support long-term development. officials confirmed during a press briefing.,REAL
The government released updated data on public health services. The initiative is expected to benefit thousands of citizens. officials confirmed during a press briefing.,REAL
Transportation department announced a new initiative to improve urban transportation efficiency. Authorities will monitor progress and release periodic updates. according to an official statement.,REAL
Environmental agencies launched a program to support job skill training. Authorities will monitor progress and release periodic updates. the findings were published in a recent report.,REAL
Health officials implemented measures to strengthen digital infrastructure. Experts believe the move will support long-term development. the information was released by the ministry.,REAL
Education ministry announced a new initiative to improve urban transportation efficiency. Additional resources have been allocated to ensure smooth implementation. the department reported in its latest release.,REAL
Transportation department organized a campaign to promote urban transportation efficiency. Additional resources have been allocated to ensure smooth implementation. the information was released by the ministry.,REAL
Economic analysts conducted a study on urban transportation efficiency. Experts believe the move will support long-term development. according to an official statement.,REAL
Health officials launched a program to support education quality. The initiative is expected to benefit thousands of citizens. the findings were published in a recent report.,REAL
Public health experts conducted a study on urban transportation efficiency. Officials stated that the program will be implemented in phases. the information was released by the ministry.,REAL
The government conducted a study on renewable energy adoption. The initiative is expected to benefit thousands of citizens. official sources provided the details.,REAL
Education ministry approved funding for job skill training. Officials stated that the program will be implemented in phases. the information was released by the ministry.,REAL
Technology companies implemented measures to strengthen renewable energy adoption. Authorities will monitor progress and release periodic updates. the information was released by the ministry.,REAL
Researchers released updated data on cybersecurity awareness. The initiative aims to improve access and efficiency across regions. the announcement was made through official channels.,REAL
Researchers reported progress in job skill training. Officials stated that the program will be implemented in phases. the information was released by the ministry.,REAL
Researchers implemented measures to strengthen environmental conservation. The effort is part of a broader national development plan. authorities shared the update earlier this week.,REAL
Researchers organized a campaign to promote environmental conservation. Officials stated that the program will be implemented in phases. the findings were published in a recent report.,REAL
Environmental agencies announced a new initiative to improve renewable energy adoption. The project focuses on both urban and rural communities. official sources provided the details.,REAL
Public health experts expanded services related to digital infrastructure. The initiative aims to improve access and efficiency across regions. officials confirmed during a press briefing.,REAL
Economic analysts released updated data on community safety programs. Experts believe the move will support long-term development. the department reported in its latest release.,REAL
Public health experts conducted a study on cybersecurity awareness. Officials stated that the program will be implemented in phases. the department reported in its latest release.,REAL
Economic analysts conducted a study on renewable energy adoption. The effort is part of a broader national development plan. officials confirmed during a press briefing.,REAL
Health officials reported progress in education quality. The effort is part of a broader national development plan. official sources provided the details.,REAL
Economic analysts introduced new guidelines for education quality. Training and awareness sessions will be conducted for stakeholders. authorities shared the update earlier this week.,REAL
Economic analysts implemented measures to strengthen community safety programs. The effort is part of a broader national development plan. authorities shared the update earlier this week.,REAL
Public health experts expanded services related to public health services. The initiative is expected to benefit thousands of citizens. the announcement was made through official channels.,REAL
Education ministry implemented measures to strengthen cybersecurity awareness. Experts believe the move will support long-term development. the announcement was made through official channels.,REAL
Local authorities reported progress in environmental conservation. Training and awareness sessions will be conducted for stakeholders. the information was released by the ministry.,REAL
Education ministry implemented measures to strengthen small business development. The initiative aims to improve access and efficiency across regions. the findings were published in a recent report.,REAL
Environmental agencies introduced new guidelines for small business development. Officials stated that the program will be implemented in phases. authorities shared the update earlier this week.,REAL
Education ministry implemented measures to strengthen renewable energy adoption. Training and awareness sessions will be conducted for stakeholders. authorities shared the update earlier this week.,REAL
Technology companies expanded services related to public health services. Public feedback will be collected during the rollout period. according to an official statement.,REAL
Researchers introduced new guidelines for cybersecurity awareness. Training and awareness sessions will be conducted for stakeholders. official sources provided the details.,REAL
Researchers launched a program to support environmental conservation. The initiative is expected to benefit thousands of citizens. authorities shared the update earlier this week.,REAL
Economic analysts implemented measures to strengthen education quality. Authorities will monitor progress and release periodic updates. the findings were published in a recent report.,REAL
Environmental agencies implemented measures to strengthen environmental conservation. Experts believe the move will support long-term development. the findings were published in a recent report.,REAL
Transportation department released updated data on digital infrastructure. Experts believe the move will support long-term development. the findings were published in a recent report.,REAL
Technology companies released updated data on small business development. Additional resources have been allocated to ensure smooth implementation. the information was released by the ministry.,REAL
Education ministry announced a new initiative to improve small business development. Additional resources have been allocated to ensure smooth implementation. authorities shared the update earlier this week.,REAL
Public health experts launched a program to support public health services. The effort is part of a broader national development plan. the findings were published in a recent report.,REAL
Technology companies implemented measures to strengthen education quality. The effort is part of a broader national development plan. officials confirmed during a press briefing.,REAL
Education ministry announced a new initiative to improve digital infrastructure. Officials stated that the program will be implemented in phases. authorities shared the update earlier this week.,REAL
Researchers organized a campaign to promote digital infrastructure. Experts believe the move will support long-term development. according to an official statement.,REAL
The government implemented measures to strengthen renewable energy adoption. The initiative is expected to benefit thousands of citizens. authorities shared the update earlier this week.,REAL
Researchers expanded services related to environmental conservation. The effort is part of a broader national development plan. the announcement was made through official channels.,REAL
Researchers released updated data on environmental conservation. Additional resources have been allocated to ensure smooth implementation. the announcement was made through official channels.,REAL
The government organized a campaign to promote urban transportation efficiency. Training and awareness sessions will be conducted for stakeholders. the information was released by the ministry.,REAL
Education ministry released updated data on cybersecurity awareness. Training and awareness sessions will be conducted for stakeholders. authorities shared the update earlier this week.,REAL
Environmental agencies conducted a study on urban transportation efficiency. Public feedback will be collected during the rollout period. the department reported in its latest release.,REAL
Environmental agencies expanded services related to small business development. Officials stated that the program will be implemented in phases. the department reported in its latest release.,REAL
Environmental agencies launched a program to support job skill training. Officials stated that the program will be implemented in phases. the findings were published in a recent report.,REAL
Environmental agencies organized a campaign to promote public health services. Additional resources have been allocated to ensure smooth implementation. authorities shared the update earlier this week.,REAL
Researchers introduced new guidelines for digital infrastructure. Training and awareness sessions will be conducted for stakeholders. the department reported in its latest release.,REAL
Technology companies launched a program to support education quality. Public feedback will be collected during the rollout period. the information was released by the ministry.,REAL
Public health experts launched a program to support job skill training. Officials stated that the program will be implemented in phases. according to an official statement.,REAL
Economic analysts reported progress in urban transportation efficiency. The initiative aims to improve access and efficiency across regions. authorities shared the update earlier this week.,REAL
Transportation department introduced new guidelines for renewable energy adoption. The initiative aims to improve access and efficiency across regions. the findings were published in a recent report.,REAL
Environmental agencies reported progress in education quality. The effort is part of a broader national development plan. according to an official statement.,REAL
Local authorities reported progress in job skill training. The project focuses on both urban and rural communities. the department reported in its latest release.,REAL
Economic analysts introduced new guidelines for renewable energy adoption. The initiative is expected to benefit thousands of citizens. official sources provided the details.,REAL
Environmental agencies organized a campaign to promote job skill training. The initiative is expected to benefit thousands of citizens. the department reported in its latest release.,REAL
Technology companies expanded services related to digital infrastructure. Public feedback will be collected during the rollout period. officials confirmed during a press briefing.,REAL
Economic analysts approved funding for digital infrastructure. Public feedback will be collected during the rollout period. the findings were published in a recent report.,REAL
Researchers approved funding for cybersecurity awareness. Public feedback will be collected during the rollout period. the findings were published in a recent report.,REAL
Public health experts expanded services related to environmental conservation. The effort is part of a broader national development plan. authorities shared the update earlier this week.,REAL
Local authorities reported progress in cybersecurity awareness. The project focuses on both urban and rural communities. according to an official statement.,REAL
Researchers released updated data on small business development. The effort is part of a broader national development plan. the information was released by the ministry.,REAL
Health officials implemented measures to strengthen job skill training. The initiative is expected to benefit thousands of citizens. according to an official statement.,REAL
Environmental agencies introduced new guidelines for urban transportation efficiency. The effort is part of a broader national development plan. according to an official statement.,REAL
The government implemented measures to strengthen environmental conservation. Officials stated that the program will be implemented in phases. the announcement was made through official channels.,REAL
Economic analysts launched a program to support cybersecurity awareness. Public feedback will be collected during the rollout period. the announcement was made through official channels.,REAL
Technology companies released updated data on urban transportation efficiency. Additional resources have been allocated to ensure smooth implementation. the findings were published in a recent report.,REAL
Technology companies organized a campaign to promote cybersecurity awareness. Experts believe the move will support long-term development. according to an official statement.,REAL
Researchers implemented measures to strengthen education quality. The project focuses on both urban and rural communities. authorities shared the update earlier this week.,REAL
Transportation department expanded services related to urban transportation efficiency. Additional resources have been allocated to ensure smooth implementation. the announcement was made through official channels.,REAL
Researchers released updated data on community safety programs. The project focuses on both urban and rural communities. official sources provided the details.,REAL
Researchers launched a program to support community safety programs. The initiative is expected to benefit thousands of citizens. the findings were published in a recent report.,REAL
Public health experts conducted a study on small business development. The initiative is expected to benefit thousands of citizens. the department reported in its latest release.,REAL
Education ministry introduced new guidelines for job skill training. Public feedback will be collected during the rollout period. according to an official statement.,REAL
Health officials announced a new initiative to improve renewable energy adoption. Public feedback will be collected during the rollout period. the department reported in its latest release.,REAL
Economic analysts expanded services related to small business development. The initiative aims to improve access and efficiency across regions. the information was released by the ministry.,REAL
The government introduced new guidelines for education quality. Authorities will monitor progress and release periodic updates. the findings were published in a recent report.,REAL
Local authorities launched a program to support environmental conservation. Experts believe the move will support long-term development. the findings were published in a recent report.,REAL
Health officials launched a program to support cybersecurity awareness. Experts believe the move will support long-term development. officials confirmed during a press briefing.,REAL
Researchers expanded services related to digital infrastructure. The initiative aims to improve access and efficiency across regions. the information was released by the ministry.,REAL
Transportation department conducted a study on digital infrastructure. Additional resources have been allocated to ensure smooth implementation. according to an official statement.,REAL
Public health experts implemented measures to strengthen urban transportation efficiency. Authorities will monitor progress and release periodic updates. the information was released by the ministry.,REAL
Researchers reported progress in urban transportation efficiency. Training and awareness sessions will be conducted for stakeholders. officials confirmed during a press briefing.,REAL
The government organized a campaign to promote public health services. Training and awareness sessions will be conducted for stakeholders. according to an official statement.,REAL
Technology companies reported progress in job skill training. The project focuses on both urban and rural communities. officials confirmed during a press briefing.,REAL
Technology companies announced a new initiative to improve environmental conservation. Officials stated that the program will be implemented in phases. according to an official statement.,REAL
Local authorities launched a program to support small business development. The initiative is expected to benefit thousands of citizens. officials confirmed during a press briefing.,REAL
Environmental agencies released updated data on renewable energy adoption. Public feedback will be collected during the rollout period. the department reported in its latest release.,REAL
The government launched a program to support community safety programs. Experts believe the move will support long-term development. officials confirmed during a press briefing.,REAL
Economic analysts approved funding for job skill training. The effort is part of a broader national development plan. the announcement was made through official channels.,REAL
Local authorities launched a program to support renewable energy adoption. Training and awareness sessions will be conducted for stakeholders. according to an official statement.,REAL
Public health experts organized a campaign to promote urban transportation efficiency. Public feedback will be collected during the rollout period. the findings were published in a recent report.,REAL
Local authorities organized a campaign to promote education quality. The project focuses on both urban and rural communities. the department reported in its latest release.,REAL
Local authorities implemented measures to strengthen cybersecurity awareness. Training and awareness sessions will be conducted for stakeholders. authorities shared the update earlier this week.,REAL
Technology companies announced a new initiative to improve cybersecurity awareness. Experts believe the move will support long-term development. officials confirmed during a press briefing.,REAL
Environmental agencies organized a campaign to promote cybersecurity awareness. Training and awareness sessions will be conducted for stakeholders. the findings were published in a recent report.,REAL
Public health experts introduced new guidelines for urban transportation efficiency. The initiative is expected to benefit thousands of citizens. official sources provided the details.,REAL
Economic analysts implemented measures to strengthen renewable energy adoption. Authorities will monitor progress and release periodic updates. the announcement was made through official channels.,REAL
The government released updated data on small business development. The effort is part of a broader national development plan. the announcement was made through official channels.,REAL
Environmental agencies announced a new initiative to improve education quality. The initiative is expected to benefit thousands of citizens. according to an official statement.,REAL
The government released updated data on urban transportation efficiency. The project focuses on both urban and rural communities. the findings were published in a recent report.,REAL
Researchers released updated data on public health services. Officials stated that the program will be implemented in phases. official sources provided the details.,REAL
Local authorities released updated data on urban transportation efficiency. The effort is part of a broader national development plan. officials confirmed during a press briefing.,REAL
Environmental agencies introduced new guidelines for small business development. The effort is part of a broader national development plan. official sources provided the details.,REAL
Researchers expanded services related to job skill training. The initiative aims to improve access and efficiency across regions. the information was released by the ministry.,REAL
Local authorities announced a new initiative to improve cybersecurity awareness. The initiative is expected to benefit thousands of citizens. the announcement was made through official channels.,REAL
Local authorities introduced new guidelines for small business development. Authorities will monitor progress and release periodic updates. official sources provided the details.,REAL
Economic analysts launched a program to support urban transportation efficiency. The initiative is expected to benefit thousands of citizens. the findings were published in a recent report.,REAL
Local authorities conducted a study on urban transportation efficiency. Training and awareness sessions will be conducted for stakeholders. official sources provided the details.,REAL
Health officials expanded services related to environmental conservation. The effort is part of a broader national development plan. authorities shared the update earlier this week.,REAL
Technology companies launched a program to support community safety programs. Additional resources have been allocated to ensure smooth implementation. the announcement was made through official channels.,REAL
Transportation department announced a new initiative to improve community safety programs. Training and awareness sessions will be conducted for stakeholders. according to an official statement.,REAL
Technology companies approved funding for community safety programs. The initiative aims to improve access and efficiency across regions. authorities shared the update earlier this week.,REAL
The government launched a program to support urban transportation efficiency. The project focuses on both urban and rural communities. the department reported in its latest release.,REAL
Education ministry released updated data on small business development. The project focuses on both urban and rural communities. the announcement was made through official channels.,REAL
Health officials expanded services related to job skill training. The initiative is expected to benefit thousands of citizens. authorities shared the update earlier this week.,REAL
Health officials organized a campaign to promote urban transportation efficiency. The project focuses on both urban and rural communities. the information was released by the ministry.,REAL
Public health experts approved funding for community safety programs. Additional resources have been allocated to ensure smooth implementation. the information was released by the ministry.,REAL
Environmental agencies released updated data on renewable energy adoption. Officials stated that the program will be implemented in phases. authorities shared the update earlier this week.,REAL
Education ministry announced a new initiative to improve urban transportation efficiency. The initiative aims to improve access and efficiency across regions. the department reported in its latest release.,REAL
Technology companies released updated data on environmental conservation. The initiative is expected to benefit thousands of citizens. official sources provided the details.,REAL
Economic analysts announced a new initiative to improve environmental conservation. The initiative aims to improve access and efficiency across regions. official sources provided the details.,REAL
Health officials announced a new initiative to improve community safety programs. Authorities will monitor progress and release periodic updates. the information was released by the ministry.,REAL
Education ministry announced a new initiative to improve urban transportation efficiency. The initiative aims to improve access and efficiency across regions. the findings were published in a recent report.,REAL
Public health experts introduced new guidelines for environmental conservation. Authorities will monitor progress and release periodic updates. the department reported in its latest release.,REAL
Researchers announced a new initiative to improve small business development. Officials stated that the program will be implemented in phases. authorities shared the update earlier this week.,REAL
The government approved funding for public health services. Training and awareness sessions will be conducted for stakeholders. official sources provided the details.,REAL
Local authorities organized a campaign to promote education quality. Additional resources have been allocated to ensure smooth implementation. the announcement was made through official channels.,REAL
The government released updated data on community safety programs. The effort is part of a broader national development plan. officials confirmed during a press briefing.,REAL
Technology companies launched a program to support environmental conservation. The project focuses on both urban and rural communities. officials confirmed during a press briefing.,REAL
The government released updated data on education quality. The initiative aims to improve access and efficiency across regions. official sources provided the details.,REAL
Education ministry organized a campaign to promote renewable energy adoption. Public feedback will be collected during the rollout period. the findings were published in a recent report.,REAL
Public health experts organized a campaign to promote community safety programs. Officials stated that the program will be implemented in phases. officials confirmed during a press briefing.,REAL
Economic analysts implemented measures to strengthen education quality. Public feedback will be collected during the rollout period. the findings were published in a recent report.,REAL
Economic analysts expanded services related to public health services. The project focuses on both urban and rural communities. according to an official statement.,REAL
Researchers conducted a study on job skill training. Public feedback will be collected during the rollout period. the findings were published in a recent report.,REAL
Public health experts expanded services related to education quality. The effort is part of a broader national development plan. the department reported in its latest release.,REAL
Health officials launched a program to support small business development. The initiative aims to improve access and efficiency across regions. the findings were published in a recent report.,REAL
Public health experts expanded services related to education quality. Training and awareness sessions will be conducted for stakeholders. the announcement was made through official channels.,REAL
Education ministry announced a new initiative to improve digital infrastructure. The project focuses on both urban and rural communities. according to an official statement.,REAL
Health officials introduced new guidelines for small business development. The project focuses on both urban and rural communities. official sources provided the details.,REAL
Health officials released updated data on small business development. The initiative is expected to benefit thousands of citizens. the information was released by the ministry.,REAL
Researchers expanded services related to job skill training. Public feedback will be collected during the rollout period. the announcement was made through official channels.,REAL
Environmental agencies implemented measures to strengthen urban transportation efficiency. Authorities will monitor progress and release periodic updates. authorities shared the update earlier this week.,REAL
The government reported progress in public health services. Training and awareness sessions will be conducted for stakeholders. the information was released by the ministry.,REAL
Health officials announced a new initiative to improve job skill training. The initiative is expected to benefit thousands of citizens. according to an official statement.,REAL
Environmental agencies approved funding for job skill training. The effort is part of a broader national development plan. officials confirmed during a press briefing.,REAL
Transportation department reported progress in community safety programs. The initiative aims to improve access and efficiency across regions. authorities shared the update earlier this week.,REAL
Researchers reported progress in education quality. Experts believe the move will support long-term development. the information was released by the ministry.,REAL
Local authorities introduced new guidelines for education quality. Additional resources have been allocated to ensure smooth implementation. according to an official statement.,REAL
Education ministry released updated data on education quality. The initiative aims to improve access and efficiency across regions. the information was released by the ministry.,REAL
Technology companies launched a program to support education quality. Experts believe the move will support long-term development. the department reported in its latest release.,REAL
Health officials expanded services related to environmental conservation. Public feedback will be collected during the rollout period. the announcement was made through official channels.,REAL
Technology companies reported progress in urban transportation efficiency. Experts believe the move will support long-term development. the findings were published in a recent report.,REAL
Education ministry approved funding for community safety programs. The initiative is expected to benefit thousands of citizens. authorities shared the update earlier this week.,REAL
The government expanded services related to renewable energy adoption. Additional resources have been allocated to ensure smooth implementation. the department reported in its latest release.,REAL
The government launched a program to support education quality. Officials stated that the program will be implemented in phases. according to an official statement.,REAL
Technology companies released updated data on cybersecurity awareness. Experts believe the move will support long-term development. the announcement was made through official channels.,REAL
Economic analysts conducted a study on renewable energy adoption. The project focuses on both urban and rural communities. the announcement was made through official channels.,REAL
Technology companies launched a program to support renewable energy adoption. Experts believe the move will support long-term development. officials confirmed during a press briefing.,REAL
Economic analysts organized a campaign to promote environmental conservation. The effort is part of a broader national development plan. the information was released by the ministry.,REAL
Public health experts organized a campaign to promote public health services. Experts believe the move will support long-term development. official sources provided the details.,REAL
Technology companies organized a campaign to promote cybersecurity awareness. The initiative is expected to benefit thousands of citizens. the information was released by the ministry.,REAL
Transportation department organized a campaign to promote public health services. Public feedback will be collected during the rollout period. the findings were published in a recent report.,REAL
Local authorities expanded services related to community safety programs. Additional resources have been allocated to ensure smooth implementation. officials confirmed during a press briefing.,REAL
Health officials reported progress in digital infrastructure. Additional resources have been allocated to ensure smooth implementation. the information was released by the ministry.,REAL
Health officials approved funding for environmental conservation. The effort is part of a broader national development plan. according to an official statement.,REAL
Education ministry introduced new guidelines for public health services. Officials stated that the program will be implemented in phases. the department reported in its latest release.,REAL
Environmental agencies reported progress in renewable energy adoption. The effort is part of a broader national development plan. according to an official statement.,REAL
Education ministry organized a campaign to promote community safety programs. Officials stated that the program will be implemented in phases. the information was released by the ministry.,REAL
Economic analysts approved funding for public health services. Public feedback will be collected during the rollout period. the findings were published in a recent report.,REAL
Environmental agencies implemented measures to strengthen job skill training. Experts believe the move will support long-term development. the information was released by the ministry.,REAL
Technology companies reported progress in digital infrastructure. The initiative is expected to benefit thousands of citizens. officials confirmed during a press briefing.,REAL
Transportation department conducted a study on job skill training. The initiative is expected to benefit thousands of citizens. the department reported in its latest release.,REAL
Public health experts expanded services related to public health services. The initiative is expected to benefit thousands of citizens. official sources provided the details.,REAL
Health officials reported progress in small business development. The effort is part of a broader national development plan. the information was released by the ministry.,REAL
Health officials introduced new guidelines for community safety programs. Additional resources have been allocated to ensure smooth implementation. official sources provided the details.,REAL
Transportation department released updated data on digital infrastructure. The initiative aims to improve access and efficiency across regions. the findings were published in a recent report.,REAL
Economic analysts expanded services related to renewable energy adoption. The initiative is expected to benefit thousands of citizens. according to an official statement.,REAL
Technology companies conducted a study on public health services. Experts believe the move will support long-term development. the announcement was made through official channels.,REAL
Environmental agencies organized a campaign to promote education quality. The effort is part of a broader national development plan. officials confirmed during a press briefing.,REAL
Researchers conducted a study on job skill training. The initiative aims to improve access and efficiency across regions. according to an official statement.,REAL
Transportation department organized a campaign to promote digital infrastructure. The effort is part of a broader national development plan. the announcement was made through official channels.,REAL
Education ministry launched a program to support public health services. The project focuses on both urban and rural communities. authorities shared the update earlier this week.,REAL
Local authorities introduced new guidelines for education quality. The initiative aims to improve access and efficiency across regions. the announcement was made through official channels.,REAL
Technology companies reported progress in job skill training. Training and awareness sessions will be conducted for stakeholders. the department reported in its latest release.,REAL
Health officials reported progress in environmental conservation. Experts believe the move will support long-term development. the findings were published in a recent report.,REAL
Technology companies reported progress in education quality. Experts believe the move will support long-term development. the findings were published in a recent report.,REAL
Environmental agencies approved funding for renewable energy adoption. The initiative aims to improve access and efficiency across regions. the information was released by the ministry.,REAL
The government implemented measures to strengthen cybersecurity awareness. Additional resources have been allocated to ensure smooth implementation. the department reported in its latest release.,REAL
Public health experts approved funding for urban transportation efficiency. Experts believe the move will support long-term development. the information was released by the ministry.,REAL
Transportation department reported progress in cybersecurity awareness. Training and awareness sessions will be conducted for stakeholders. the findings were published in a recent report.,REAL
Education ministry launched a program to support community safety programs. The project focuses on both urban and rural communities. authorities shared the update earlier this week.,REAL
Local authorities announced a new initiative to improve cybersecurity awareness. The effort is part of a broader national development plan. the information was released by the ministry.,REAL
Public health experts conducted a study on environmental conservation. Additional resources have been allocated to ensure smooth implementation. officials confirmed during a press briefing.,REAL
Technology companies conducted a study on urban transportation efficiency. Additional resources have been allocated to ensure smooth implementation. official sources provided the details.,REAL
Transportation department organized a campaign to promote environmental conservation. Officials stated that the program will be implemented in phases. authorities shared the update earlier this week.,REAL
Economic analysts implemented measures to strengthen education quality. The project focuses on both urban and rural communities. the findings were published in a recent report.,REAL
Local authorities reported progress in cybersecurity awareness. The initiative is expected to benefit thousands of citizens. official sources provided the details.,REAL
Transportation department introduced new guidelines for urban transportation efficiency. The project focuses on both urban and rural communities. the findings were published in a recent report.,REAL
Economic analysts released updated data on education quality. Training and awareness sessions will be conducted for stakeholders. the findings were published in a recent report.,REAL
Public health experts launched a program to support environmental conservation. Training and awareness sessions will be conducted for stakeholders. the announcement was made through official channels.,REAL
Transportation department approved funding for public health services. Experts believe the move will support long-term development. the announcement was made through official channels.,REAL
Education ministry approved funding for public health services. Additional resources have been allocated to ensure smooth implementation. according to an official statement.,REAL
Public health experts reported progress in renewable energy adoption. Public feedback will be collected during the rollout period. according to an official statement.,REAL
Economic analysts announced a new initiative to improve urban transportation efficiency. The project focuses on both urban and rural communities. authorities shared the update earlier this week.,REAL
Health officials conducted a study on job skill training. Officials stated that the program will be implemented in phases. the announcement was made through official channels.,REAL
Researchers introduced new guidelines for public health services. Public feedback will be collected during the rollout period. authorities shared the update earlier this week.,REAL
Transportation department implemented measures to strengthen community safety programs. Authorities will monitor progress and release periodic updates. authorities shared the update earlier this week.,REAL
Local authorities announced a new initiative to improve environmental conservation. Public feedback will be collected during the rollout period. the findings were published in a recent report.,REAL
Technology companies announced a new initiative to improve urban transportation efficiency. The initiative is expected to benefit thousands of citizens. the department reported in its latest release.,REAL
Health officials launched a program to support digital infrastructure. Additional resources have been allocated to ensure smooth implementation. the information was released by the ministry.,REAL
Public health experts released updated data on public health services. Experts believe the move will support long-term development. the findings were published in a recent report.,REAL
Environmental agencies approved funding for community safety programs. Training and awareness sessions will be conducted for stakeholders. according to an official statement.,REAL
Health officials released updated data on education quality. The initiative aims to improve access and efficiency across regions. according to an official statement.,REAL
Transportation department expanded services related to community safety programs. Public feedback will be collected during the rollout period. officials confirmed during a press briefing.,REAL
The government organized a campaign to promote job skill training. The initiative is expected to benefit thousands of citizens. the announcement was made through official channels.,REAL
Environmental agencies released updated data on community safety programs. The project focuses on both urban and rural communities. the findings were published in a recent report.,REAL
Technology companies launched a program to support community safety programs. The initiative is expected to benefit thousands of citizens. authorities shared the update earlier this week.,REAL
Researchers expanded services related to renewable energy adoption. Authorities will monitor progress and release periodic updates. the announcement was made through official channels.,REAL
Local authorities reported progress in renewable energy adoption. Additional resources have been allocated to ensure smooth implementation. authorities shared the update earlier this week.,REAL
Health officials expanded services related to cybersecurity awareness. Authorities will monitor progress and release periodic updates. officials confirmed during a press briefing.,REAL
Health officials introduced new guidelines for cybersecurity awareness. Experts believe the move will support long-term development. the findings were published in a recent report.,REAL
Local authorities expanded services related to public health services. The initiative is expected to benefit thousands of citizens. the department reported in its latest release.,REAL
Economic analysts released updated data on job skill training. The initiative aims to improve access and efficiency across regions. officials confirmed during a press briefing.,REAL
Health officials conducted a study on renewable energy adoption. The project focuses on both urban and rural communities. the information was released by the ministry.,REAL
Economic analysts conducted a study on renewable energy adoption. The initiative aims to improve access and efficiency across regions. the announcement was made through official channels.,REAL
The government introduced new guidelines for digital infrastructure. Officials stated that the program will be implemented in phases. the findings were published in a recent report.,REAL
Transportation department announced a new initiative to improve cybersecurity awareness. Authorities will monitor progress and release periodic updates. according to an official statement.,REAL
The government announced a new initiative to improve renewable energy adoption. Additional resources have been allocated to ensure smooth implementation. the department reported in its latest release.,REAL
Economic analysts conducted a study on community safety programs. Additional resources have been allocated to ensure smooth implementation. authorities shared the update earlier this week.,REAL
Local authorities reported progress in renewable energy adoption. The effort is part of a broader national development plan. authorities shared the update earlier this week.,REAL
Local authorities introduced new guidelines for renewable energy adoption. The initiative is expected to benefit thousands of citizens. the announcement was made through official channels.,REAL
Education ministry expanded services related to cybersecurity awareness. The initiative is expected to benefit thousands of citizens. the announcement was made through official channels.,REAL
Public health experts approved funding for urban transportation efficiency. Authorities will monitor progress and release periodic updates. the information was released by the ministry.,REAL
Environmental agencies implemented measures to strengthen community safety programs. Officials stated that the program will be implemented in phases. official sources provided the details.,REAL
Health officials expanded services related to job skill training. The project focuses on both urban and rural communities. the findings were published in a recent report.,REAL
Local authorities introduced new guidelines for urban transportation efficiency. The effort is part of a broader national development plan. the information was released by the ministry.,REAL
The government approved funding for community safety programs. Authorities will monitor progress and release periodic updates. the department reported in its latest release.,REAL
Environmental agencies announced a new initiative to improve community safety programs. The initiative is expected to benefit thousands of citizens. authorities shared the update earlier this week.,REAL
Environmental agencies expanded services related to public health services. Authorities will monitor progress and release periodic updates. the findings were published in a recent report.,REAL
Economic analysts launched a program to support cybersecurity awareness. The initiative aims to improve access and efficiency across regions. official sources provided the details.,REAL
Health officials launched a program to support urban transportation efficiency. The initiative aims to improve access and efficiency across regions. officials confirmed during a press briefing.,REAL
Education ministry organized a campaign to promote community safety programs. The project focuses on both urban and rural communities. the department reported in its latest release.,REAL
Environmental agencies expanded services related to urban transportation efficiency. Training and awareness sessions will be conducted for stakeholders. the findings were published in a recent report.,REAL
Economic analysts launched a program to support public health services. Training and awareness sessions will be conducted for stakeholders. officials confirmed during a press briefing.,REAL
Local authorities approved funding for renewable energy adoption. The initiative aims to improve access and efficiency across regions. the department reported in its latest release.,REAL
Transportation department expanded services related to job skill training. Public feedback will be collected during the rollout period. the announcement was made through official channels.,REAL
Local authorities organized a campaign to promote cybersecurity awareness. Training and awareness sessions will be conducted for stakeholders. according to an official statement.,REAL
Education ministry implemented measures to strengthen urban transportation efficiency. Officials stated that the program will be implemented in phases. the findings were published in a recent report.,REAL
The government implemented measures to strengthen job skill training. Experts believe the move will support long-term development. according to an official statement.,REAL
Education ministry released updated data on environmental conservation. The initiative aims to improve access and efficiency across regions. the information was released by the ministry.,REAL
Education ministry introduced new guidelines for cybersecurity awareness. The initiative aims to improve access and efficiency across regions. the information was released by the ministry.,REAL
Local authorities released updated data on community safety programs. Additional resources have been allocated to ensure smooth implementation. the department reported in its latest release.,REAL
Health officials organized a campaign to promote education quality. Public feedback will be collected during the rollout period. the department reported in its latest release.,REAL
Technology companies reported progress in urban transportation efficiency. Public feedback will be collected during the rollout period. the information was released by the ministry.,REAL
Economic analysts announced a new initiative to improve renewable energy adoption. Public feedback will be collected during the rollout period. according to an official statement.,REAL
Economic analysts approved funding for small business development. The effort is part of a broader national development plan. the announcement was made through official channels.,REAL
Technology companies released updated data on cybersecurity awareness. Authorities will monitor progress and release periodic updates. the findings were published in a recent report.,REAL
Health officials conducted a study on environmental conservation. The initiative is expected to benefit thousands of citizens. official sources provided the details.,REAL
Public health experts expanded services related to education quality. Experts believe the move will support long-term development. the department reported in its latest release.,REAL
Transportation department reported progress in cybersecurity awareness. Training and awareness sessions will be conducted for stakeholders. authorities shared the update earlier this week.,REAL
Researchers launched a program to support public health services. Experts believe the move will support long-term development. according to an official statement.,REAL
Environmental agencies implemented measures to strengthen environmental conservation. Training and awareness sessions will be conducted for stakeholders. the findings were published in a recent report.,REAL
Health officials launched a program to support job skill training. Training and awareness sessions will be conducted for stakeholders. the findings were published in a recent report.,REAL
Technology companies released updated data on public health services. Authorities will monitor progress and release periodic updates. authorities shared the update earlier this week.,REAL
Health officials released updated data on community safety programs. The initiative is expected to benefit thousands of citizens. authorities shared the update earlier this week.,REAL
Health officials approved funding for renewable energy adoption. The project focuses on both urban and rural communities. officials confirmed during a press briefing.,REAL
Researchers reported progress in renewable energy adoption. The initiative is expected to benefit thousands of citizens. the information was released by the ministry.,REAL
The government released updated data on job skill training. The effort is part of a broader national development plan. the department reported in its latest release.,REAL
Technology companies conducted a study on environmental conservation. The effort is part of a broader national development plan. the announcement was made through official channels.,REAL
Public health experts released updated data on digital infrastructure. The initiative aims to improve access and efficiency across regions. the department reported in its latest release.,REAL
The government organized a campaign to promote community safety programs. Officials stated that the program will be implemented in phases. the department reported in its latest release.,REAL
Economic analysts introduced new guidelines for urban transportation efficiency. Training and awareness sessions will be conducted for stakeholders. official sources provided the details.,REAL
Researchers conducted a study on education quality. Training and awareness sessions will be conducted for stakeholders. according to an official statement.,REAL
Economic analysts reported progress in renewable energy adoption. Public feedback will be collected during the rollout period. the information was released by the ministry.,REAL
Economic analysts launched a program to support environmental conservation. Additional resources have been allocated to ensure smooth implementation. official sources provided the details.,REAL
Economic analysts approved funding for renewable energy adoption. The initiative aims to improve access and efficiency across regions. according to an official statement.,REAL
Researchers introduced new guidelines for education quality. Officials stated that the program will be implemented in phases. according to an official statement.,REAL
Environmental agencies announced a new initiative to improve environmental conservation. Experts believe the move will support long-term development. official sources provided the details.,REAL
Local authorities organized a campaign to promote renewable energy adoption. The initiative is expected to benefit thousands of citizens. authorities shared the update earlier this week.,REAL
Economic analysts reported progress in renewable energy adoption. Additional resources have been allocated to ensure smooth implementation. authorities shared the update earlier this week.,REAL
Health officials approved funding for community safety programs. Authorities will monitor progress and release periodic updates. authorities shared the update earlier this week.,REAL
Technology companies reported progress in digital infrastructure. The effort is part of a broader national development plan. official sources provided the details.,REAL
Public health experts conducted a study on education quality. Additional resources have been allocated to ensure smooth implementation. officials confirmed during a press briefing.,REAL
Environmental agencies organized a campaign to promote public health services. The initiative aims to improve access and efficiency across regions. according to an official statement.,REAL
Health officials approved funding for renewable energy adoption. Experts believe the move will support long-term development. authorities shared the update earlier this week.,REAL
Technology companies released updated data on urban transportation efficiency. Officials stated that the program will be implemented in phases. authorities shared the update earlier this week.,REAL
Public health experts reported progress in renewable energy adoption. Authorities will monitor progress and release periodic updates. the information was released by the ministry.,REAL
Economic analysts introduced new guidelines for cybersecurity awareness. The initiative is expected to benefit thousands of citizens. the announcement was made through official channels.,REAL
Public health experts organized a campaign to promote digital infrastructure. Officials stated that the program will be implemented in phases. authorities shared the update earlier this week.,REAL
The government expanded services related to cybersecurity awareness. The initiative is expected to benefit thousands of citizens. officials confirmed during a press briefing.,REAL
Local authorities conducted a study on digital infrastructure. The effort is part of a broader national development plan. the information was released by the ministry.,REAL
Health officials organized a campaign to promote digital infrastructure. Training and awareness sessions will be conducted for stakeholders. according to an official statement.,REAL
Technology companies conducted a study on small business development. The project focuses on both urban and rural communities. the information was released by the ministry.,REAL
Education ministry reported progress in environmental conservation. Public feedback will be collected during the rollout period. official sources provided the details.,REAL
The government conducted a study on job skill training. The initiative is expected to benefit thousands of citizens. officials confirmed during a press briefing.,REAL
The government implemented measures to strengthen environmental conservation. The initiative is expected to benefit thousands of citizens. the department reported in its latest release.,REAL
Local authorities conducted a study on job skill training. Officials stated that the program will be implemented in phases. official sources provided the details.,REAL
The government launched a program to support cybersecurity awareness. The initiative is expected to benefit thousands of citizens. the announcement was made through official channels.,REAL
Public health experts released updated data on education quality. Experts believe the move will support long-term development. according to an official statement.,REAL
Environmental agencies reported progress in environmental conservation. The effort is part of a broader national development plan. the information was released by the ministry.,REAL
Transportation department released updated data on community safety programs. The initiative aims to improve access and efficiency across regions. the information was released by the ministry.,REAL
Researchers released updated data on cybersecurity awareness. The initiative is expected to benefit thousands of citizens. official sources provided the details.,REAL
Public health experts released updated data on urban transportation efficiency. Authorities will monitor progress and release periodic updates. officials confirmed during a press briefing.,REAL
Economic analysts expanded services related to job skill training. Officials stated that the program will be implemented in phases. the information was released by the ministry.,REAL
Public health experts expanded services related to job skill training. Officials stated that the program will be implemented in phases. the announcement was made through official channels.,REAL
Technology companies implemented measures to strengthen renewable energy adoption. The effort is part of a broader national development plan. authorities shared the update earlier this week.,REAL
Researchers expanded services related to cybersecurity awareness. The effort is part of a broader national development plan. the department reported in its latest release.,REAL
Education ministry launched a program to support education quality. Officials stated that the program will be implemented in phases. official sources provided the details.,REAL
Transportation department organized a campaign to promote digital infrastructure. The initiative is expected to benefit thousands of citizens. authorities shared the update earlier this week.,REAL
The government conducted a study on digital infrastructure. Training and awareness sessions will be conducted for stakeholders. official sources provided the details.,REAL
Researchers released updated data on job skill training. The initiative is expected to benefit thousands of citizens. authorities shared the update earlier this week.,REAL
Transportation department introduced new guidelines for public health services. Training and awareness sessions will be conducted for stakeholders. official sources provided the details.,REAL
Economic analysts organized a campaign to promote cybersecurity awareness. The project focuses on both urban and rural communities. the announcement was made through official channels.,REAL
Technology companies approved funding for community safety programs. Experts believe the move will support long-term development. the findings were published in a recent report.,REAL
Local authorities released updated data on cybersecurity awareness. The effort is part of a broader national development plan. official sources provided the details.,REAL
Environmental agencies reported progress in environmental conservation. Authorities will monitor progress and release periodic updates. the information was released by the ministry.,REAL
Transportation department introduced new guidelines for environmental conservation. The initiative aims to improve access and efficiency across regions. the announcement was made through official channels.,REAL
The government released updated data on renewable energy adoption. Additional resources have been allocated to ensure smooth implementation. according to an official statement.,REAL
Education ministry reported progress in renewable energy adoption. The project focuses on both urban and rural communities. the findings were published in a recent report.,REAL
Technology companies expanded services related to public health services. The effort is part of a broader national development plan. according to an official statement.,REAL
Transportation department organized a campaign to promote urban transportation efficiency. The initiative aims to improve access and efficiency across regions. official sources provided the details.,REAL
Technology companies announced a new initiative to improve environmental conservation. Public feedback will be collected during the rollout period. officials confirmed during a press briefing.,REAL
Environmental agencies approved funding for digital infrastructure. Officials stated that the program will be implemented in phases. the information was released by the ministry.,REAL
Economic analysts announced a new initiative to improve cybersecurity awareness. The project focuses on both urban and rural communities. the information was released by the ministry.,REAL
Researchers launched a program to support public health services. The initiative is expected to benefit thousands of citizens. the announcement was made through official channels.,REAL
Technology companies introduced new guidelines for renewable energy adoption. Training and awareness sessions will be conducted for stakeholders. the information was released by the ministry.,REAL
Economic analysts expanded services related to digital infrastructure. Additional resources have been allocated to ensure smooth implementation. the information was released by the ministry.,REAL
Education ministry announced a new initiative to improve urban transportation efficiency. Public feedback will be collected during the rollout period. according to an official statement.,REAL
Transportation department announced a new initiative to improve public health services. The effort is part of a broader national development plan. the information was released by the ministry.,REAL
Health officials introduced new guidelines for cybersecurity awareness. The project focuses on both urban and rural communities. according to an official statement.,REAL
Technology companies expanded services related to digital infrastructure. Officials stated that the program will be implemented in phases. officials confirmed during a press briefing.,REAL
Local authorities organized a campaign to promote job skill training. The project focuses on both urban and rural communities. the announcement was made through official channels.,REAL
The government conducted a study on cybersecurity awareness. The initiative is expected to benefit thousands of citizens. the department reported in its latest release.,REAL
Public health experts conducted a study on renewable energy adoption. Authorities will monitor progress and release periodic updates. the announcement was made through official channels.,REAL
Education ministry launched a program to support urban transportation efficiency. The effort is part of a broader national development plan. the information was released by the ministry.,REAL
Transportation department introduced new guidelines for small business development. The initiative aims to improve access and efficiency across regions. official sources provided the details.,REAL
The government conducted a study on education quality. The initiative aims to improve access and efficiency across regions. official sources provided the details.,REAL
Health officials organized a campaign to promote urban transportation efficiency. The initiative is expected to benefit thousands of citizens. the information was released by the ministry.,REAL
Local authorities implemented measures to strengthen public health services. The effort is part of a broader national development plan. official sources provided the details.,REAL
Education ministry launched a program to support job skill training. Experts believe the move will support long-term development. according to an official statement.,REAL
Economic analysts conducted a study on community safety programs. The effort is part of a broader national development plan. according to an official statement.,REAL
Public health experts introduced new guidelines for urban transportation efficiency. Officials stated that the program will be implemented in phases. official sources provided the details.,REAL
Transportation department implemented measures to strengthen urban transportation efficiency. The effort is part of a broader national development plan. the announcement was made through official channels.,REAL
Health officials implemented measures to strengthen public health services. Training and awareness sessions will be conducted for stakeholders. according to an official statement.,REAL
Transportation department approved funding for cybersecurity awareness. The initiative is expected to benefit thousands of citizens. according to an official statement.,REAL
Economic analysts expanded services related to education quality. Officials stated that the program will be implemented in phases. authorities shared the update earlier this week.,REAL
The government launched a program to support job skill training. The project focuses on both urban and rural communities. officials confirmed during a press briefing.,REAL
Health officials announced a new initiative to improve urban transportation efficiency. Additional resources have been allocated to ensure smooth implementation. the announcement was made through official channels.,REAL
Education ministry approved funding for small business development. The effort is part of a broader national development plan. the department reported in its latest release.,REAL
Economic analysts launched a program to support small business development. Additional resources have been allocated to ensure smooth implementation. official sources provided the details.,REAL
The government launched a program to support community safety programs. The effort is part of a broader national development plan. the information was released by the ministry.,REAL
Local authorities expanded services related to environmental conservation. Experts believe the move will support long-term development. authorities shared the update earlier this week.,REAL
Health officials organized a campaign to promote education quality. Authorities will monitor progress and release periodic updates. according to an official statement.,REAL
Public health experts organized a campaign to promote cybersecurity awareness. The project focuses on both urban and rural communities. the information was released by the ministry.,REAL
Public health experts released updated data on environmental conservation. The effort is part of a broader national development plan. official sources provided the details.,REAL
Technology companies approved funding for digital infrastructure. The initiative is expected to benefit thousands of citizens. authorities shared the update earlier this week.,REAL
Education ministry released updated data on environmental conservation. Authorities will monitor progress and release periodic updates. the information was released by the ministry.,REAL
Health officials organized a campaign to promote job skill training. Experts believe the move will support long-term development. the findings were published in a recent report.,REAL
Education ministry approved funding for small business development. The initiative aims to improve access and efficiency across regions. the announcement was made through official channels.,REAL
Health officials introduced new guidelines for environmental conservation. The project focuses on both urban and rural communities. the findings were published in a recent report.,REAL
Environmental agencies reported progress in small business development. Authorities will monitor progress and release periodic updates. the announcement was made through official channels.,REAL
The government reported progress in environmental conservation. Training and awareness sessions will be conducted for stakeholders. the department reported in its latest release.,REAL
Health officials announced a new initiative to improve small business development. The initiative is expected to benefit thousands of citizens. the department reported in its latest release.,REAL
Education ministry conducted a study on small business development. The project focuses on both urban and rural communities. the department reported in its latest release.,REAL
Public health experts released updated data on environmental conservation. The effort is part of a broader national development plan. the findings were published in a recent report.,REAL
Health officials introduced new guidelines for education quality. Authorities will monitor progress and release periodic updates. according to an official statement.,REAL
Local authorities released updated data on urban transportation efficiency. Additional resources have been allocated to ensure smooth implementation. the information was released by the ministry.,REAL
Local authorities released updated data on urban transportation efficiency. The initiative is expected to benefit thousands of citizens. authorities shared the update earlier this week.,REAL
Public health experts announced a new initiative to improve job skill training. The initiative aims to improve access and efficiency across regions. officials confirmed during a press briefing.,REAL
Education ministry implemented measures to strengthen small business development. Additional resources have been allocated to ensure smooth implementation. authorities shared the update earlier this week.,REAL
Public health experts approved funding for small business development. Officials stated that the program will be implemented in phases. officials confirmed during a press briefing.,REAL
Health officials implemented measures to strengthen urban transportation efficiency. Public feedback will be collected during the rollout period. the findings were published in a recent report.,REAL
The government conducted a study on public health services. Additional resources have been allocated to ensure smooth implementation. official sources provided the details.,REAL
Health officials conducted a study on environmental conservation. The effort is part of a broader national development plan. official sources provided the details.,REAL
Local authorities launched a program to support education quality. Experts believe the move will support long-term development. official sources provided the details.,REAL
Health officials introduced new guidelines for urban transportation efficiency. Training and awareness sessions will be conducted for stakeholders. officials confirmed during a press briefing.,REAL
The government released updated data on urban transportation efficiency. The project focuses on both urban and rural communities. official sources provided the details.,REAL
Education ministry organized a campaign to promote renewable energy adoption. Training and awareness sessions will be conducted for stakeholders. the information was released by the ministry.,REAL
Technology companies launched a program to support environmental conservation. The project focuses on both urban and rural communities. according to an official statement.,REAL
Public health experts launched a program to support small business development. The initiative aims to improve access and efficiency across regions. according to an official statement.,REAL
Health officials reported progress in renewable energy adoption. Additional resources have been allocated to ensure smooth implementation. officials confirmed during a press briefing.,REAL
Economic analysts launched a program to support education quality. Additional resources have been allocated to ensure smooth implementation. officials confirmed during a press briefing.,REAL
Researchers implemented measures to strengthen environmental conservation. The effort is part of a broader national development plan. according to an official statement.,REAL
Health officials organized a campaign to promote environmental conservation. The initiative is expected to benefit thousands of citizens. the information was released by the ministry.,REAL
Transportation department reported progress in urban transportation efficiency. The initiative is expected to benefit thousands of citizens. according to an official statement.,REAL
Environmental agencies launched a program to support environmental conservation. Authorities will monitor progress and release periodic updates. the findings were published in a recent report.,REAL
Local authorities reported progress in public health services. The effort is part of a broader national development plan. officials confirmed during a press briefing.,REAL
Economic analysts launched a program to support job skill training. Experts believe the move will support long-term development. the information was released by the ministry.,REAL
Health officials organized a campaign to promote public health services. The effort is part of a broader national development plan. the announcement was made through official channels.,REAL
Public health experts expanded services related to community safety programs. Authorities will monitor progress and release periodic updates. officials confirmed during a press briefing.,REAL
Technology companies approved funding for environmental conservation. Public feedback will be collected during the rollout period. the information was released by the ministry.,REAL
Public health experts launched a program to support small business development. Public feedback will be collected during the rollout period. the findings were published in a recent report.,REAL
Health officials approved funding for job skill training. Experts believe the move will support long-term development. authorities shared the update earlier this week.,REAL
Researchers launched a program to support environmental conservation. Public feedback will be collected during the rollout period. the information was released by the ministry.,REAL
Education ministry conducted a study on public health services. The initiative is expected to benefit thousands of citizens. the findings were published in a recent report.,REAL
Researchers approved funding for small business development. The project focuses on both urban and rural communities. the department reported in its latest release.,REAL
Local authorities introduced new guidelines for education quality. Additional resources have been allocated to ensure smooth implementation. according to an official statement.,REAL
Researchers released updated data on job skill training. Public feedback will be collected during the rollout period. the findings were published in a recent report.,REAL
Transportation department reported progress in urban transportation efficiency. Experts believe the move will support long-term development. official sources provided the details.,REAL
Economic analysts released updated data on environmental conservation. The initiative is expected to benefit thousands of citizens. authorities shared the update earlier this week.,REAL
Public health experts implemented measures to strengthen community safety programs. The initiative is expected to benefit thousands of citizens. the announcement was made through official channels.,REAL
Researchers reported progress in cybersecurity awareness. The initiative is expected to benefit thousands of citizens. the department reported in its latest release.,REAL
Researchers expanded services related to community safety programs. The effort is part of a broader national development plan. according to an official statement.,REAL
Economic analysts announced a new initiative to improve environmental conservation. The initiative is expected to benefit thousands of citizens. the announcement was made through official channels.,REAL
The government reported progress in digital infrastructure. The initiative aims to improve access and efficiency across regions. officials confirmed during a press briefing.,REAL
Health officials approved funding for renewable energy adoption. Officials stated that the program will be implemented in phases. the department reported in its latest release.,REAL
Environmental agencies announced a new initiative to improve digital infrastructure. Training and awareness sessions will be conducted for stakeholders. according to an official statement.,REAL
Researchers organized a campaign to promote public health services. Officials stated that the program will be implemented in phases. the announcement was made through official channels.,REAL
Public health experts introduced new guidelines for renewable energy adoption. The initiative aims to improve access and efficiency across regions. officials confirmed during a press briefing.,REAL
Researchers released updated data on digital infrastructure. Experts believe the move will support long-term development. the findings were published in a recent report.,REAL
Transportation department organized a campaign to promote community safety programs. The initiative is expected to benefit thousands of citizens. official sources provided the details.,REAL
Education ministry approved funding for environmental conservation. Training and awareness sessions will be conducted for stakeholders. according to an official statement.,REAL
Researchers released updated data on renewable energy adoption. Training and awareness sessions will be conducted for stakeholders. the information was released by the ministry.,REAL
Researchers reported progress in small business development. The project focuses on both urban and rural communities. according to an official statement.,REAL
The government introduced new guidelines for job skill training. The effort is part of a broader national development plan. according to an official statement.,REAL
Transportation department released updated data on urban transportation efficiency. The initiative is expected to benefit thousands of citizens. the information was released by the ministry.,REAL
The government approved funding for job skill training. Additional resources have been allocated to ensure smooth implementation. authorities shared the update earlier this week.,REAL
Economic analysts implemented measures to strengthen environmental conservation. The effort is part of a broader national development plan. the information was released by the ministry.,REAL
Education ministry announced a new initiative to improve cybersecurity awareness. Training and awareness sessions will be conducted for stakeholders. the announcement was made through official channels.,REAL
Public health experts released updated data on environmental conservation. The effort is part of a broader national development plan. authorities shared the update earlier this week.,REAL
Public health experts organized a campaign to promote small business development. The initiative aims to improve access and efficiency across regions. according to an official statement.,REAL
Environmental agencies implemented measures to strengthen community safety programs. The initiative is expected to benefit thousands of citizens. the announcement was made through official channels.,REAL
Health officials expanded services related to community safety programs. The initiative aims to improve access and efficiency across regions. official sources provided the details.,REAL
Local authorities conducted a study on environmental conservation. Authorities will monitor progress and release periodic updates. official sources provided the details.,REAL
Researchers approved funding for job skill training. The initiative is expected to benefit thousands of citizens. according to an official statement.,REAL
The government expanded services related to renewable energy adoption. The project focuses on both urban and rural communities. the information was released by the ministry.,REAL
Economic analysts announced a new initiative to improve job skill training. Training and awareness sessions will be conducted for stakeholders. the announcement was made through official channels.,REAL
Health officials introduced new guidelines for community safety programs. Training and awareness sessions will be conducted for stakeholders. the findings were published in a recent report.,REAL
The government conducted a study on environmental conservation. Experts believe the move will support long-term development. the findings were published in a recent report.,REAL
Environmental agencies launched a program to support job skill training. The project focuses on both urban and rural communities. official sources provided the details.,REAL
Economic analysts introduced new guidelines for small business development. The effort is part of a broader national development plan. the department reported in its latest release.,REAL
Environmental agencies organized a campaign to promote environmental conservation. Experts believe the move will support long-term development. official sources provided the details.,REAL
Economic analysts implemented measures to strengthen digital infrastructure. Officials stated that the program will be implemented in phases. the announcement was made through official channels.,REAL
Local authorities released updated data on renewable energy adoption. Public feedback will be collected during the rollout period. the information was released by the ministry.,REAL
Public health experts conducted a study on education quality. The initiative is expected to benefit thousands of citizens. officials confirmed during a press briefing.,REAL
Economic analysts reported progress in renewable energy adoption. Training and awareness sessions will be conducted for stakeholders. the findings were published in a recent report.,REAL
Local authorities approved funding for job skill training. The initiative aims to improve access and efficiency across regions. officials confirmed during a press briefing.,REAL
Technology companies introduced new guidelines for renewable energy adoption. The initiative aims to improve access and efficiency across regions. the department reported in its latest release.,REAL
Education ministry conducted a study on cybersecurity awareness. Additional resources have been allocated to ensure smooth implementation. authorities shared the update earlier this week.,REAL
Researchers released updated data on education quality. The effort is part of a broader national development plan. according to an official statement.,REAL
Environmental agencies announced a new initiative to improve education quality. Additional resources have been allocated to ensure smooth implementation. official sources provided the details.,REAL
The government implemented measures to strengthen public health services. The project focuses on both urban and rural communities. officials confirmed during a press briefing.,REAL
Economic analysts announced a new initiative to improve renewable energy adoption. The effort is part of a broader national development plan. official sources provided the details.,REAL
Local authorities released updated data on renewable energy adoption. Authorities will monitor progress and release periodic updates. authorities shared the update earlier this week.,REAL
Economic analysts conducted a study on education quality. Additional resources have been allocated to ensure smooth implementation. authorities shared the update earlier this week.,REAL
Transportation department conducted a study on environmental conservation. The initiative is expected to benefit thousands of citizens. the findings were published in a recent report.,REAL
Transportation department announced a new initiative to improve small business development. Public feedback will be collected during the rollout period. the department reported in its latest release.,REAL
Technology companies released updated data on community safety programs. Training and awareness sessions will be conducted for stakeholders. officials confirmed during a press briefing.,REAL
Transportation department released updated data on renewable energy adoption. Experts believe the move will support long-term development. according to an official statement.,REAL
Environmental agencies conducted a study on urban transportation efficiency. The initiative aims to improve access and efficiency across regions. the findings were published in a recent report.,REAL
Public health experts conducted a study on community safety programs. Public feedback will be collected during the rollout period. the announcement was made through official channels.,REAL
Local authorities expanded services related to small business development. Experts believe the move will support long-term development. the findings were published in a recent report.,REAL
The government launched a program to support community safety programs. Additional resources have been allocated to ensure smooth implementation. authorities shared the update earlier this week.,REAL
The government launched a program to support urban transportation efficiency. The effort is part of a broader national development plan. official sources provided the details.,REAL
Technology companies approved funding for renewable energy adoption. Experts believe the move will support long-term development. the findings were published in a recent report.,REAL
Technology companies introduced new guidelines for education quality. Authorities will monitor progress and release periodic updates. the findings were published in a recent report.,REAL
Technology companies announced a new initiative to improve cybersecurity awareness. Officials stated that the program will be implemented in phases. authorities shared the update earlier this week.,REAL
Local authorities organized a campaign to promote environmental conservation. Additional resources have been allocated to ensure smooth implementation. according to an official statement.,REAL
The government organized a campaign to promote renewable energy adoption. Officials stated that the program will be implemented in phases. officials confirmed during a press briefing.,REAL
Researchers launched a program to support job skill training. The effort is part of a broader national development plan. the announcement was made through official channels.,REAL
Education ministry reported progress in small business development. The project focuses on both urban and rural communities. the findings were published in a recent report.,REAL
Economic analysts expanded services related to public health services. Officials stated that the program will be implemented in phases. the announcement was made through official channels.,REAL
Researchers announced a new initiative to improve education quality. The project focuses on both urban and rural communities. official sources provided the details.,REAL
Transportation department organized a campaign to promote digital infrastructure. The effort is part of a broader national development plan. authorities shared the update earlier this week.,REAL
Local authorities approved funding for public health services. The initiative aims to improve access and efficiency across regions. authorities shared the update earlier this week.,REAL
Economic analysts reported progress in digital infrastructure. The initiative aims to improve access and efficiency across regions. authorities shared the update earlier this week.,REAL
Researchers conducted a study on education quality. The initiative aims to improve access and efficiency across regions. the department reported in its latest release.,REAL
Health officials conducted a study on community safety programs. The effort is part of a broader national development plan. the announcement was made through official channels.,REAL
The government launched a program to support environmental conservation. The effort is part of a broader national development plan. the findings were published in a recent report.,REAL
Technology companies implemented measures to strengthen cybersecurity awareness. The initiative aims to improve access and efficiency across regions. the findings were published in a recent report.,REAL
The government reported progress in renewable energy adoption. The initiative aims to improve access and efficiency across regions. the department reported in its latest release.,REAL
Education ministry conducted a study on urban transportation efficiency. The initiative is expected to benefit thousands of citizens. the department reported in its latest release.,REAL
The government implemented measures to strengthen community safety programs. The project focuses on both urban and rural communities. the information was released by the ministry.,REAL
Public health experts approved funding for environmental conservation. The initiative is expected to benefit thousands of citizens. authorities shared the update earlier this week.,REAL
Environmental agencies released updated data on small business development. Officials stated that the program will be implemented in phases. according to an official statement.,REAL
Education ministry released updated data on digital infrastructure. The initiative aims to improve access and efficiency across regions. official sources provided the details.,REAL
Researchers implemented measures to strengthen public health services. Officials stated that the program will be implemented in phases. the information was released by the ministry.,REAL
Education ministry announced a new initiative to improve public health services. Training and awareness sessions will be conducted for stakeholders. official sources provided the details.,REAL
Health officials released updated data on renewable energy adoption. Public feedback will be collected during the rollout period. authorities shared the update earlier this week.,REAL
Researchers implemented measures to strengthen urban transportation efficiency. The project focuses on both urban and rural communities. officials confirmed during a press briefing.,REAL
Transportation department announced a new initiative to improve community safety programs. Additional resources have been allocated to ensure smooth implementation. the announcement was made through official channels.,REAL
The government released updated data on environmental conservation. Authorities will monitor progress and release periodic updates. the findings were published in a recent report.,REAL
Economic analysts released updated data on urban transportation efficiency. Training and awareness sessions will be conducted for stakeholders. the announcement was made through official channels.,REAL
Health officials reported progress in job skill training. Public feedback will be collected during the rollout period. officials confirmed during a press briefing.,REAL
Economic analysts launched a program to support cybersecurity awareness. Public feedback will be collected during the rollout period. officials confirmed during a press briefing.,REAL
Education ministry announced a new initiative to improve small business development. Public feedback will be collected during the rollout period. the announcement was made through official channels.,REAL
Transportation department introduced new guidelines for community safety programs. Public feedback will be collected during the rollout period. according to an official statement.,REAL
The government reported progress in job skill training. Training and awareness sessions will be conducted for stakeholders. the department reported in its latest release.,REAL
Local authorities approved funding for urban transportation efficiency. Officials stated that the program will be implemented in phases. the announcement was made through official channels.,REAL
Local authorities released updated data on digital infrastructure. Training and awareness sessions will be conducted for stakeholders. the findings were published in a recent report.,REAL
Local authorities approved funding for renewable energy adoption. The initiative aims to improve access and efficiency across regions. officials confirmed during a press briefing.,REAL
The government announced a new initiative to improve small business development. Experts believe the move will support long-term development. according to an official statement.,REAL
Education ministry expanded services related to renewable energy adoption. Additional resources have been allocated to ensure smooth implementation. officials confirmed during a press briefing.,REAL
Education ministry implemented measures to strengthen public health services. Authorities will monitor progress and release periodic updates. the announcement was made through official channels.,REAL
Technology companies announced a new initiative to improve environmental conservation. The project focuses on both urban and rural communities. the announcement was made through official channels.,REAL
Researchers introduced new guidelines for job skill training. The effort is part of a broader national development plan. the department reported in its latest release.,REAL
Public health experts released updated data on education quality. Authorities will monitor progress and release periodic updates. the findings were published in a recent report.,REAL
Education ministry organized a campaign to promote job skill training. The effort is part of a broader national development plan. official sources provided the details.,REAL
The government released updated data on environmental conservation. Public feedback will be collected during the rollout period. officials confirmed during a press briefing.,REAL
Technology companies launched a program to support urban transportation efficiency. The project focuses on both urban and rural communities. the findings were published in a recent report.,REAL
Transportation department launched a program to support education quality. Authorities will monitor progress and release periodic updates. the announcement was made through official channels.,REAL
Economic analysts announced a new initiative to improve digital infrastructure. The initiative aims to improve access and efficiency across regions. the information was released by the ministry.,REAL
Public health experts released updated data on urban transportation efficiency. The initiative is expected to benefit thousands of citizens. official sources provided the details.,REAL
Local authorities released updated data on education quality. The project focuses on both urban and rural communities. the information was released by the ministry.,REAL
Environmental agencies released updated data on renewable energy adoption. Officials stated that the program will be implemented in phases. the announcement was made through official channels.,REAL
Technology companies introduced new guidelines for community safety programs. Additional resources have been allocated to ensure smooth implementation. authorities shared the update earlier this week.,REAL
Local authorities announced a new initiative to improve urban transportation efficiency. The initiative is expected to benefit thousands of citizens. the announcement was made through official channels.,REAL
Researchers implemented measures to strengthen education quality. The initiative is expected to benefit thousands of citizens. the information was released by the ministry.,REAL
Researchers released updated data on public health services. Authorities will monitor progress and release periodic updates. the information was released by the ministry.,REAL
Public health experts introduced new guidelines for digital infrastructure. The effort is part of a broader national development plan. official sources provided the details.,REAL
Education ministry announced a new initiative to improve environmental conservation. Public feedback will be collected during the rollout period. officials confirmed during a press briefing.,REAL
Researchers conducted a study on cybersecurity awareness. The initiative is expected to benefit thousands of citizens. officials confirmed during a press briefing.,REAL
Local authorities expanded services related to urban transportation efficiency. Public feedback will be collected during the rollout period. the information was released by the ministry.,REAL
The government reported progress in community safety programs. The initiative is expected to benefit thousands of citizens. the information was released by the ministry.,REAL
Economic analysts organized a campaign to promote job skill training. Training and awareness sessions will be conducted for stakeholders. the information was released by the ministry.,REAL
Local authorities released updated data on cybersecurity awareness. Experts believe the move will support long-term development. according to an official statement.,REAL
Education ministry conducted a study on urban transportation efficiency. Experts believe the move will support long-term development. official sources provided the details.,REAL
Technology companies reported progress in environmental conservation. Public feedback will be collected during the rollout period. authorities shared the update earlier this week.,REAL
The government approved funding for cybersecurity awareness. Additional resources have been allocated to ensure smooth implementation. the department reported in its latest release.,REAL
Technology companies announced a new initiative to improve public health services. The initiative is expected to benefit thousands of citizens. officials confirmed during a press briefing.,REAL
Environmental agencies implemented measures to strengthen community safety programs. Public feedback will be collected during the rollout period. according to an official statement.,REAL
Public health experts organized a campaign to promote community safety programs. Public feedback will be collected during the rollout period. authorities shared the update earlier this week.,REAL
Education ministry introduced new guidelines for job skill training. Public feedback will be collected during the rollout period. the department reported in its latest release.,REAL
Technology companies implemented measures to strengthen cybersecurity awareness. The initiative is expected to benefit thousands of citizens. the announcement was made through official channels.,REAL
Education ministry released updated data on job skill training. Public feedback will be collected during the rollout period. the findings were published in a recent report.,REAL
Researchers implemented measures to strengthen urban transportation efficiency. The initiative is expected to benefit thousands of citizens. officials confirmed during a press briefing.,REAL
Transportation department expanded services related to urban transportation efficiency. Authorities will monitor progress and release periodic updates. according to an official statement.,REAL
Local authorities launched a program to support public health services. The initiative is expected to benefit thousands of citizens. the information was released by the ministry.,REAL
Education ministry approved funding for digital infrastructure. Training and awareness sessions will be conducted for stakeholders. the findings were published in a recent report.,REAL
Education ministry organized a campaign to promote urban transportation efficiency. Public feedback will be collected during the rollout period. authorities shared the update earlier this week.,REAL
The government introduced new guidelines for education quality. The initiative aims to improve access and efficiency across regions. authorities shared the update earlier this week.,REAL
The government approved funding for job skill training. Experts believe the move will support long-term development. authorities shared the update earlier this week.,REAL
The government reported progress in community safety programs. Public feedback will be collected during the rollout period. according to an official statement.,REAL
Researchers reported progress in small business development. Additional resources have been allocated to ensure smooth implementation. the findings were published in a recent report.,REAL
The government introduced new guidelines for job skill training. Training and awareness sessions will be conducted for stakeholders. the findings were published in a recent report.,REAL
Economic analysts released updated data on cybersecurity awareness. Training and awareness sessions will be conducted for stakeholders. the information was released by the ministry.,REAL
Transportation department implemented measures to strengthen environmental conservation. The project focuses on both urban and rural communities. authorities shared the update earlier this week.,REAL
Economic analysts announced a new initiative to improve cybersecurity awareness. Training and awareness sessions will be conducted for stakeholders. the information was released by the ministry.,REAL
Local authorities reported progress in cybersecurity awareness. Officials stated that the program will be implemented in phases. official sources provided the details.,REAL
Researchers announced a new initiative to improve public health services. The effort is part of a broader national development plan. the findings were published in a recent report.,REAL
Economic analysts expanded services related to renewable energy adoption. The effort is part of a broader national development plan. according to an official statement.,REAL
Public health experts announced a new initiative to improve renewable energy adoption. Officials stated that the program will be implemented in phases. authorities shared the update earlier this week.,REAL
Technology companies announced a new initiative to improve digital infrastructure. Experts believe the move will support long-term development. the department reported in its latest release.,REAL
Technology companies approved funding for community safety programs. The initiative is expected to benefit thousands of citizens. authorities shared the update earlier this week.,REAL
Transportation department organized a campaign to promote cybersecurity awareness. Officials stated that the program will be implemented in phases. authorities shared the update earlier this week.,REAL
Economic analysts reported progress in job skill training. Additional resources have been allocated to ensure smooth implementation. officials confirmed during a press briefing.,REAL
Education ministry reported progress in small business development. The project focuses on both urban and rural communities. the announcement was made through official channels.,REAL
Researchers expanded services related to small business development. The initiative is expected to benefit thousands of citizens. the findings were published in a recent report.,REAL
Economic analysts expanded services related to public health services. The project focuses on both urban and rural communities. according to an official statement.,REAL
Public health experts approved funding for job skill training. The effort is part of a broader national development plan. the announcement was made through official channels.,REAL
Education ministry announced a new initiative to improve public health services. Public feedback will be collected during the rollout period. officials confirmed during a press briefing.,REAL
Economic analysts organized a campaign to promote digital infrastructure. The project focuses on both urban and rural communities. official sources provided the details.,REAL
Transportation department conducted a study on public health services. Officials stated that the program will be implemented in phases. the announcement was made through official channels.,REAL
The government released updated data on job skill training. The initiative is expected to benefit thousands of citizens. according to an official statement.,REAL
Environmental agencies organized a campaign to promote public health services. Public feedback will be collected during the rollout period. the findings were published in a recent report.,REAL
Transportation department expanded services related to environmental conservation. The project focuses on both urban and rural communities. the department reported in its latest release.,REAL
Economic analysts organized a campaign to promote education quality. The initiative is expected to benefit thousands of citizens. the announcement was made through official channels.,REAL
Economic analysts organized a campaign to promote community safety programs. Experts believe the move will support long-term development. authorities shared the update earlier this week.,REAL
Technology companies announced a new initiative to improve cybersecurity awareness. The initiative aims to improve access and efficiency across regions. officials confirmed during a press briefing.,REAL
Economic analysts introduced new guidelines for education quality. Public feedback will be collected during the rollout period. the department reported in its latest release.,REAL
Health officials announced a new initiative to improve environmental conservation. Public feedback will be collected during the rollout period. authorities shared the update earlier this week.,REAL
Public health experts implemented measures to strengthen urban transportation efficiency. The initiative aims to improve access and efficiency across regions. authorities shared the update earlier this week.,REAL
Researchers launched a program to support community safety programs. Officials stated that the program will be implemented in phases. official sources provided the details.,REAL
Technology companies released updated data on small business development. Authorities will monitor progress and release periodic updates. officials confirmed during a press briefing.,REAL
Environmental agencies expanded services related to environmental conservation. Officials stated that the program will be implemented in phases. authorities shared the update earlier this week.,REAL
Public health experts launched a program to support small business development. Authorities will monitor progress and release periodic updates. official sources provided the details.,REAL
Public health experts announced a new initiative to improve renewable energy adoption. Additional resources have been allocated to ensure smooth implementation. the information was released by the ministry.,REAL
Researchers organized a campaign to promote job skill training. Experts believe the move will support long-term development. the findings were published in a recent report.,REAL
Education ministry introduced new guidelines for renewable energy adoption. Experts believe the move will support long-term development. the information was released by the ministry.,REAL
Economic analysts launched a program to support cybersecurity awareness. The initiative aims to improve access and efficiency across regions. the information was released by the ministry.,REAL
Education ministry introduced new guidelines for job skill training. Experts believe the move will support long-term development. the department reported in its latest release.,REAL
Public health experts conducted a study on education quality. Experts believe the move will support long-term development. the findings were published in a recent report.,REAL
Public health experts organized a campaign to promote education quality. The initiative aims to improve access and efficiency across regions. according to an official statement.,REAL
Health officials announced a new initiative to improve public health services. Additional resources have been allocated to ensure smooth implementation. the findings were published in a recent report.,REAL
Public health experts conducted a study on public health services. Public feedback will be collected during the rollout period. officials confirmed during a press briefing.,REAL
Environmental agencies introduced new guidelines for education quality. Authorities will monitor progress and release periodic updates. authorities shared the update earlier this week.,REAL
Education ministry launched a program to support cybersecurity awareness. Experts believe the move will support long-term development. officials confirmed during a press briefing.,REAL
Health officials launched a program to support education quality. The project focuses on both urban and rural communities. authorities shared the update earlier this week.,REAL
Health officials approved funding for urban transportation efficiency. Authorities will monitor progress and release periodic updates. officials confirmed during a press briefing.,REAL
Health officials organized a campaign to promote cybersecurity awareness. The initiative aims to improve access and efficiency across regions. the findings were published in a recent report.,REAL
Economic analysts expanded services related to education quality. The project focuses on both urban and rural communities. the announcement was made through official channels.,REAL
Researchers implemented measures to strengthen education quality. The project focuses on both urban and rural communities. according to an official statement.,REAL
The government organized a campaign to promote education quality. The initiative aims to improve access and efficiency across regions. officials confirmed during a press briefing.,REAL
The government announced a new initiative to improve urban transportation efficiency. Training and awareness sessions will be conducted for stakeholders. the department reported in its latest release.,REAL
Transportation department announced a new initiative to improve public health services. Public feedback will be collected during the rollout period. official sources provided the details.,REAL
Environmental agencies approved funding for digital infrastructure. The project focuses on both urban and rural communities. the announcement was made through official channels.,REAL
Researchers released updated data on renewable energy adoption. Authorities will monitor progress and release periodic updates. according to an official statement.,REAL
Local authorities reported progress in education quality. The initiative is expected to benefit thousands of citizens. officials confirmed during a press briefing.,REAL
Researchers expanded services related to public health services. The effort is part of a broader national development plan. according to an official statement.,REAL
The government announced a new initiative to improve small business development. Public feedback will be collected during the rollout period. the department reported in its latest release.,REAL
Environmental agencies conducted a study on small business development. The project focuses on both urban and rural communities. officials confirmed during a press briefing.,REAL
The government introduced new guidelines for public health services. Public feedback will be collected during the rollout period. the information was released by the ministry.,REAL
The government introduced new guidelines for cybersecurity awareness. Training and awareness sessions will be conducted for stakeholders. authorities shared the update earlier this week.,REAL
Education ministry expanded services related to digital infrastructure. Training and awareness sessions will be conducted for stakeholders. according to an official statement.,REAL
Environmental agencies launched a program to support public health services. Training and awareness sessions will be conducted for stakeholders. the department reported in its latest release.,REAL
Researchers launched a program to support urban transportation efficiency. The initiative is expected to benefit thousands of citizens. officials confirmed during a press briefing.,REAL
Technology companies introduced new guidelines for cybersecurity awareness. Authorities will monitor progress and release periodic updates. the information was released by the ministry.,REAL
Technology companies announced a new initiative to improve cybersecurity awareness. Officials stated that the program will be implemented in phases. official sources provided the details.,REAL
Researchers expanded services related to public health services. Public feedback will be collected during the rollout period. the department reported in its latest release.,REAL
Economic analysts conducted a study on job skill training. The initiative is expected to benefit thousands of citizens. the announcement was made through official channels.,REAL
Technology companies introduced new guidelines for small business development. The project focuses on both urban and rural communities. the department reported in its latest release.,REAL
The government announced a new initiative to improve urban transportation efficiency. Authorities will monitor progress and release periodic updates. the findings were published in a recent report.,REAL
Education ministry introduced new guidelines for education quality. The initiative is expected to benefit thousands of citizens. the findings were published in a recent report.,REAL
Local authorities organized a campaign to promote small business development. Additional resources have been allocated to ensure smooth implementation. according to an official statement.,REAL
Environmental agencies released updated data on environmental conservation. Additional resources have been allocated to ensure smooth implementation. the department reported in its latest release.,REAL
Local authorities announced a new initiative to improve environmental conservation. Officials stated that the program will be implemented in phases. the department reported in its latest release.,REAL
Researchers organized a campaign to promote job skill training. The effort is part of a broader national development plan. the findings were published in a recent report.,REAL
Transportation department conducted a study on digital infrastructure. The effort is part of a broader national development plan. according to an official statement.,REAL
Environmental agencies implemented measures to strengthen urban transportation efficiency. Officials stated that the program will be implemented in phases. official sources provided the details.,REAL
Health officials implemented measures to strengthen urban transportation efficiency. The project focuses on both urban and rural communities. the information was released by the ministry.,REAL
Public health experts reported progress in job skill training. The initiative is expected to benefit thousands of citizens. the department reported in its latest release.,REAL
Health officials reported progress in renewable energy adoption. Authorities will monitor progress and release periodic updates. official sources provided the details.,REAL
Transportation department organized a campaign to promote urban transportation efficiency. The project focuses on both urban and rural communities. official sources provided the details.,REAL
Public health experts announced a new initiative to improve job skill training. The project focuses on both urban and rural communities. officials confirmed during a press briefing.,REAL
Health officials conducted a study on community safety programs. The project focuses on both urban and rural communities. official sources provided the details.,REAL
Transportation department released updated data on urban transportation efficiency. Public feedback will be collected during the rollout period. official sources provided the details.,REAL
Environmental agencies reported progress in renewable energy adoption. Public feedback will be collected during the rollout period. official sources provided the details.,REAL
Health officials approved funding for job skill training. Authorities will monitor progress and release periodic updates. the information was released by the ministry.,REAL
Local authorities released updated data on digital infrastructure. Additional resources have been allocated to ensure smooth implementation. the announcement was made through official channels.,REAL
Education ministry organized a campaign to promote renewable energy adoption. The effort is part of a broader national development plan. the information was released by the ministry.,REAL
Local authorities announced a new initiative to improve cybersecurity awareness. The project focuses on both urban and rural communities. officials confirmed during a press briefing.,REAL
Researchers released updated data on public health services. Experts believe the move will support long-term development. the information was released by the ministry.,REAL
Education ministry expanded services related to environmental conservation. Authorities will monitor progress and release periodic updates. the findings were published in a recent report.,REAL
The government conducted a study on environmental conservation. Officials stated that the program will be implemented in phases. according to an official statement.,REAL
Researchers conducted a study on environmental conservation. Additional resources have been allocated to ensure smooth implementation. the announcement was made through official channels.,REAL
Transportation department reported progress in cybersecurity awareness. Experts believe the move will support long-term development. officials confirmed during a press briefing.,REAL
The government announced a new initiative to improve digital infrastructure. The initiative is expected to benefit thousands of citizens. official sources provided the details.,REAL
Health officials launched a program to support renewable energy adoption. Authorities will monitor progress and release periodic updates. officials confirmed during a press briefing.,REAL
The government introduced new guidelines for renewable energy adoption. Officials stated that the program will be implemented in phases. the information was released by the ministry.,REAL
Researchers implemented measures to strengthen cybersecurity awareness. The initiative is expected to benefit thousands of citizens. according to an official statement.,REAL
Local authorities approved funding for education quality. Experts believe the move will support long-term development. the information was released by the ministry.,REAL
Education ministry implemented measures to strengthen community safety programs. Public feedback will be collected during the rollout period. the announcement was made through official channels.,REAL
Environmental agencies reported progress in community safety programs. The initiative aims to improve access and efficiency across regions. the department reported in its latest release.,REAL
Transportation department introduced new guidelines for environmental conservation. The effort is part of a broader national development plan. the announcement was made through official channels.,REAL
Public health experts reported progress in renewable energy adoption. Public feedback will be collected during the rollout period. the information was released by the ministry.,REAL
Technology companies announced a new initiative to improve job skill training. The initiative aims to improve access and efficiency across regions. the information was released by the ministry.,REAL
Environmental agencies organized a campaign to promote small business development. Authorities will monitor progress and release periodic updates. the findings were published in a recent report.,REAL
Environmental agencies conducted a study on digital infrastructure. Public feedback will be collected during the rollout period. the information was released by the ministry.,REAL
Local authorities conducted a study on community safety programs. The project focuses on both urban and rural communities. official sources provided the details.,REAL
Economic analysts approved funding for urban transportation efficiency. The effort is part of a broader national development plan. authorities shared the update earlier this week.,REAL
Environmental agencies released updated data on community safety programs. The initiative is expected to benefit thousands of citizens. official sources provided the details.,REAL
The government implemented measures to strengthen job skill training. Officials stated that the program will be implemented in phases. official sources provided the details.,REAL
Technology companies introduced new guidelines for small business development. Training and awareness sessions will be conducted for stakeholders. the department reported in its latest release.,REAL
Researchers conducted a study on community safety programs. The effort is part of a broader national development plan. according to an official statement.,REAL
Technology companies launched a program to support community safety programs. Public feedback will be collected during the rollout period. according to an official statement.,REAL
Education ministry launched a program to support environmental conservation. Additional resources have been allocated to ensure smooth implementation. officials confirmed during a press briefing.,REAL
Health officials implemented measures to strengthen digital infrastructure. The initiative aims to improve access and efficiency across regions. the information was released by the ministry.,REAL
Education ministry introduced new guidelines for public health services. The effort is part of a broader national development plan. officials confirmed during a press briefing.,REAL
Health officials released updated data on cybersecurity awareness. The project focuses on both urban and rural communities. the announcement was made through official channels.,REAL
Public health experts approved funding for urban transportation efficiency. The initiative is expected to benefit thousands of citizens. the information was released by the ministry.,REAL
